"DATA";"CAV_CAL";"CAV_GRAF";"SAR_CAL";"SAR_GRAF";"BIQ_CAL";"BIQ_GRAF";"CAR_CAL";"CAR_GRAF";"OUT_CAL";"OUT_GRAF";"PORTO"
"2005-01-01";0;0;800530;800530;90;90;306;306;10,7;10,7;"MATOSINHOS"
"2007-04-01";1214,5;1214,5;628920;628920;4545;4545;0;0;26,6;26,6;"MATOSINHOS"
"2007-05-01";177853,2;177853,2;1300972,5;1300972,5;4882,5;4882,5;234;234;1421,7;1421,7;"MATOSINHOS"
"2007-06-01";172867,5;172867,5;1428052,5;1428052,5;585;585;4032;4032;654,5;654,5;"MATOSINHOS"
"2007-07-01";294502,5;294502,5;1928610;1928610;337,5;337,5;1386;1386;654,6;654,6;"MATOSINHOS"
"2007-08-01";211545;211545;1942537,5;1942537,5;1372,5;1372,5;1728;1728;10874,5;10874,5;"MATOSINHOS"
"2007-09-01";343102,5;343102,5;2221425;2221425;652,5;652,5;25272;25272;10528,8;10528,8;"MATOSINHOS"
"2007-10-01";422595;422595;1982497,5;1982497,5;80519,9;80519,9;612;612;1976,1;1976,1;"MATOSINHOS"
"2007-11-01";155835;155835;831850,4;831850,4;57577,5;57577,5;8550;8550;1181,4;1181,4;"MATOSINHOS"
"2007-12-01";42952,5;42952,5;1364490;1364490;4185;4185;18;18;44,1;44,1;"MATOSINHOS"
"2008-01-01";37935;37935;1140975;1140975;697,5;697,5;1728;1728;24,8;24,8;"MATOSINHOS"
"2008-02-01";4432,5;4432,5;1901295;1901295;14445;14445;59,9;59,9;2357,9;2357,9;"MATOSINHOS"
"2008-03-01";0;0;11250;11250;945;945;9544,2;9544,2;4686,4;4686,4;"MATOSINHOS"
"2008-04-01";52942,5;52942,5;836437,5;836437,5;450;450;1728;1728;10592,2;10592,2;"MATOSINHOS"
"2008-05-01";199057,5;199057,5;1841490;1841490;5017,5;5017,5;4737,4;4737,4;980,5;980,5;"MATOSINHOS"
"2008-09-01";322195,4;322195,4;1825492,5;1825492,5;562,5;562,5;12859,2;12859,2;1424,6;1424,6;"MATOSINHOS"
"2008-10-01";197947,3;197947,3;1980247,5;1980247,5;427,5;427,5;521,7;521,7;7119,8;7119,8;"MATOSINHOS"
"2008-11-01";83201,5;83201,5;1510987,5;1510987,5;6570;6570;0;0;630;630;"MATOSINHOS"
"2009-05-01";20205;20205;1783260;1783260;585;585;6552;6552;14180,2;14180,2;"MATOSINHOS"
"2009-06-01";89235;89235;1722622,5;1722622,5;180;180;10782;10782;5758;5758;"MATOSINHOS"
"2009-09-01";233829,9;233829,9;2563627,5;2563627,5;2880;2880;32760;32760;2241,7;2241,7;"MATOSINHOS"
"2009-10-01";247612,5;247612,5;1699402,5;1699402,5;585;585;10998;10998;3286;3286;"MATOSINHOS"
"2009-12-01";15367,5;15367,5;603135;603135;3600;3600;900;900;256,5;256,5;"MATOSINHOS"
"2010-01-01";1215;1215;872797,5;872797,5;1507,5;1507,5;144;144;83,3;83,3;"MATOSINHOS"
"2010-06-01";46440;46440;1652422,5;1652422,5;450;450;23814;23814;3352,5;3352,5;"MATOSINHOS"
"2010-07-01";150345;150345;2037555;2037555;585;585;19836;19836;7490,2;7490,2;"MATOSINHOS"
"2010-09-01";1195582,5;1195582,5;2277000;2277000;22,5;22,5;26568;26568;2829,4;2829,4;"MATOSINHOS"
"2010-10-01";109417,5;109417,5;2067075;2067075;3262,5;3262,5;11718;11718;3748,5;3748,5;"MATOSINHOS"
"2010-11-01";22455;22455;2191770;2191770;1552,5;1552,5;87030;87030;18045,2;18045,2;"MATOSINHOS"
"2010-12-01";945;945;814185;814185;1822,5;1822,5;72036;72036;348,6;348,6;"MATOSINHOS"
"2005-01-01";0;0;6367,5;6367,5;12240;12240;0;0;0;0;"AVEIRO"
"2005-11-01";6118,3;6118,3;176557,5;176557,5;1327,5;1327,5;2574;2574;0;0;"AVEIRO"
"2006-02-01";0;0;33232,5;33232,5;22,5;22,5;1757,5;1757,5;9,6;9,6;"AVEIRO"
"2007-08-01";24480;24480;101160;101160;22,5;22,5;0;0;1085,7;1085,7;"AVEIRO"
"2007-09-01";39712,5;39712,5;395325;395325;225;225;612;612;59,4;59,4;"AVEIRO"
"2007-10-01";43945;43945;738652,5;738652,5;9135;9135;672,7;672,7;28,8;28,8;"AVEIRO"
"2007-11-01";18720;18720;601132,5;601132,5;13522,5;13522,5;0;0;74,6;74,6;"AVEIRO"
"2008-01-01";5872,5;5872,5;107662,5;107662,5;517,5;517,5;0;0;0;0;"AVEIRO"
"2008-02-01";0;0;156960;156960;517,5;517,5;684;684;0;0;"AVEIRO"
"2008-10-01";72607,5;72607,5;872415;872415;157,5;157,5;2159,2;2159,2;150,9;150,9;"AVEIRO"
"2008-11-01";74070;74070;946708,6;946708,6;1507,5;1507,5;2568,1;2568,1;4406,4;4406,4;"AVEIRO"
"2008-12-01";1125;1125;80955;80955;180;180;0;0;0;0;"AVEIRO"
"2010-03-01";0;0;9517,5;9517,5;67,5;67,5;0;0;0;0;"AVEIRO"
"2010-04-01";0;0;177165;177165;382,5;382,5;198;198;22,5;22,5;"AVEIRO"
"2010-12-01";0;0;121590;121590;7627,5;7627,5;4230;4230;0;0;"AVEIRO"
"2005-01-01";0;0;118462,5;118462,5;3037,5;3037,5;0;0;8,6;8,6;"FIGUEIRA DA FOZ"
"2005-11-01";51705;51705;1200835,3;1200835,3;5805;5805;4140;4140;581;581;"FIGUEIRA DA FOZ"
"2005-12-01";1080;1080;502335;502335;2891;2891;5373;5373;486;486;"FIGUEIRA DA FOZ"
"2006-01-01";49140;49140;238500;238500;11137,5;11137,5;1134;1134;232,2;232,2;"FIGUEIRA DA FOZ"
"2007-04-01";585;585;379192,5;379192,5;21352,5;21352,5;0;0;27;27;"FIGUEIRA DA FOZ"
"2007-05-01";8617,5;8617,5;642262,5;642262,5;967,5;967,5;0;0;80,2;80,2;"FIGUEIRA DA FOZ"
"2007-08-01";44415;44415;1079730;1079730;22,5;22,5;472,5;472,5;2138,5;2138,5;"FIGUEIRA DA FOZ"
"2007-09-01";266692,5;266692,5;1738147,5;1738147,5;2272,5;2272,5;0;0;364;364;"FIGUEIRA DA FOZ"
"2007-10-01";158512,5;158512,5;2578657,5;2578657,5;196938;196938;11358;11358;5743,4;5743,4;"FIGUEIRA DA FOZ"
"2007-11-01";121177,4;121177,4;2691292,5;2691292,5;19225;19225;8856;8856;1241,8;1241,8;"FIGUEIRA DA FOZ"
"2007-12-01";19080;19080;1120095;1120095;21622,5;21622,5;10800;10800;1214,9;1214,9;"FIGUEIRA DA FOZ"
"2008-01-01";19530;19530;487237,5;487237,5;38475;38475;102420;102420;0;0;"FIGUEIRA DA FOZ"
"2008-09-01";28732,5;28732,5;2239122,2;2239122,2;450;450;31338;31338;882,1;882,1;"FIGUEIRA DA FOZ"
"2008-10-01";123435;123435;1329975;1329975;4410;4410;3780;3780;446;446;"FIGUEIRA DA FOZ"
"2008-11-01";13815;13815;1193467,5;1193467,5;15210;15210;20727;20727;783;783;"FIGUEIRA DA FOZ"
"2008-12-01";360;360;359730;359730;135;135;26682;26682;0;0;"FIGUEIRA DA FOZ"
"2009-02-01";5917,5;5917,5;156150;156150;405;405;157068;157068;4;4;"FIGUEIRA DA FOZ"
"2009-03-01";0;0;48937,5;48937,5;5737,5;5737,5;55836;55836;10,2;10,2;"FIGUEIRA DA FOZ"
"2009-04-01";0;0;79672,5;79672,5;22,5;22,5;16596;16596;12,7;12,7;"FIGUEIRA DA FOZ"
"2009-05-01";0;0;200970;200970;1507,5;1507,5;4140;4140;0;0;"FIGUEIRA DA FOZ"
"2010-01-01";0;0;365557,5;365557,5;257,5;257,5;43;43;0;0;"FIGUEIRA DA FOZ"
"2010-10-01";105975;105975;2032458,5;2032458,5;1260;1260;24863,7;24863,7;2017,2;2017,2;"FIGUEIRA DA FOZ"
"2010-12-01";0;0;660195;660195;28620;28620;31320;31320;123,3;123,3;"FIGUEIRA DA FOZ"
"2010-07-01";42255;42255;695407,5;695407,5;652,5;652,5;4284;4284;215,3;215,3;"PENICHE"
"2005-02-01";27,3;27,3;231246;231246;2060;2060;10874,8;10874,8;9209,5;9209,5;"SESIMBRA"
"2007-03-01";657,1;657,1;50063,9;50063,9;1809,7;1809,7;10642,3;10642,3;9984,8;9984,8;"SESIMBRA"
"2007-04-01";31464,4;31464,4;99154;99154;16;16;5487;5487;6486,3;6486,3;"SESIMBRA"
"2008-03-01";151664;151664;147558,2;147558,2;234,9;234,9;8726,2;8726,2;26807,3;26807,3;"SESIMBRA"
"2008-12-01";100840;100840;173125,9;173125,9;49450,9;49450,9;414,3;414,3;8276,1;8276,1;"SESIMBRA"
"2009-01-01";61900;61900;358107,4;358107,4;240;240;17;17;2230,8;2230,8;"SESIMBRA"
"2010-07-01";272601,7;272601,7;209994,7;209994,7;8,8;8,8;35345,3;35345,3;7995,8;7995,8;"SESIMBRA"
"2005-01-01";105,6;105,6;19902;19902;9,6;9,6;33890,9;33890,9;20897,1;20897,1;"SETUBAL"
"2005-02-01";641,1;641,1;59140,7;59140,7;535,2;535,2;9020,6;9020,6;5476,7;5476,7;"SETUBAL"
"2007-02-01";2111,8;2111,8;55651,6;55651,6;100;100;37003,1;37003,1;12602,2;12602,2;"SETUBAL"
"2007-03-01";10361,6;10361,6;47171,3;47171,3;272,7;272,7;61690,3;61690,3;11078,1;11078,1;"SETUBAL"
"2007-04-01";3902,6;3902,6;56064,5;56064,5;242,7;242,7;22568;22568;23061,8;23061,8;"SETUBAL"
"2007-06-01";5079,1;5079,1;54761,7;54761,7;13,3;13,3;13095,5;13095,5;9931;9931;"SETUBAL"
"2008-01-01";8062,4;8062,4;84497;84497;17,2;17,2;76416,6;76416,6;20826,9;20826,9;"SETUBAL"
"2008-03-01";5358,9;5358,9;66969,1;66969,1;12257,8;12257,8;8864,5;8864,5;14966,6;14966,6;"SETUBAL"
"2008-04-01";6922,2;6922,2;47317,5;47317,5;2332,2;2332,2;8716,1;8716,1;20315,8;20315,8;"SETUBAL"
"2008-05-01";39809,7;39809,7;135905,6;135905,6;1577,6;1577,6;3958,3;3958,3;5460,9;5460,9;"SETUBAL"
"2008-12-01";1456,8;1456,8;43159,5;43159,5;4729,2;4729,2;4000,2;4000,2;14756,3;14756,3;"SETUBAL"
"2009-01-01";8860,7;8860,7;76565,8;76565,8;2662,9;2662,9;59,3;59,3;15801,4;15801,4;"SETUBAL"
"2009-03-01";4043,8;4043,8;41822,2;41822,2;1055;1055;6272,7;6272,7;12618,8;12618,8;"SETUBAL"
"2009-11-01";4956,3;4956,3;79904;79904;60,7;60,7;47018,4;47018,4;13913,1;13913,1;"SETUBAL"
"2010-07-01";91082,2;91082,2;26316,2;26316,2;6,3;6,3;27685;27685;14759,7;14759,7;"SETUBAL"
"2008-12-01";96120;96120;362439,3;362439,3;4927;4927;1007,5;1007,5;12449,7;12449,7;"SINES"
"2007-05-01";46079,5;46079,5;156697;156697;150;150;0;0;16725,9;16725,9;"PORTIMAO"
"2007-09-01";446681;446681;174799;174799;220;220;42053,5;42053,5;17025,3;17025,3;"PORTIMAO"
"2008-05-01";50305;50305;272495;272495;33;33;0;0;95,8;95,8;"PORTIMAO"
"2009-08-01";124915;124915;152349;152349;360;360;18402,3;18402,3;9468,4;9468,4;"PORTIMAO"
"2009-10-01";274500;274500;129041;129041;4930;4930;30999;30999;4599,6;4599,6;"PORTIMAO"
"2010-06-01";24025;24025;327943;327943;10150;10150;7;7;10,5;10,5;"PORTIMAO"
"2010-07-01";98041;98041;198892;198892;2540;2540;4260;4260;456;456;"PORTIMAO"
"2010-08-01";329990;329990;174697;174697;2990;2990;7008;7008;861;861;"PORTIMAO"
"2007-05-01";2285,7;2285,7;34559,2;34559,2;48,1;48,1;309,7;309,7;9201,8;9201,8;"QUARTEIRA"
"2007-06-01";6967,8;6967,8;36001;36001;32;32;1429,5;1429,5;12256,8;12256,8;"QUARTEIRA"
"2007-07-01";4074;4074;37857,7;37857,7;39,3;39,3;2001,3;2001,3;19464,2;19464,2;"QUARTEIRA"
"2008-08-01";186,1;186,1;37756,1;37756,1;128,9;128,9;774,2;774,2;6537,2;6537,2;"QUARTEIRA"
"2010-06-01";1545,8;1545,8;29346,9;29346,9;53;53;3334,1;3334,1;6967,4;6967,4;"QUARTEIRA"
"2005-01-01";75960;75960;182614;182614;5730;5730;287,5;287,5;2316,7;2316,7;"OLHAO"
"2005-02-01";190980;190980;118653;118653;5200;5200;260,5;260,5;1721;1721;"OLHAO"
"2005-03-01";112673,5;112673,5;76726;76726;7908;7908;109,7;109,7;326,5;326,5;"OLHAO"
"2005-04-01";226891;226891;91414;91414;10530;10530;1483,5;1483,5;2502,9;2502,9;"OLHAO"
"2006-01-01";1531;1531;36438;36438;350;350;95;95;705,7;705,7;"OLHAO"
"2006-02-01";15;15;54095;54095;515;515;178;178;3079,9;3079,9;"OLHAO"
"2006-03-01";9108,5;9108,5;112419;112419;1769;1769;6045;6045;3525,7;3525,7;"OLHAO"
"2006-05-01";102820;102820;43599;43599;460;460;40568;40568;7901,7;7901,7;"OLHAO"
"2006-06-01";16654,5;16654,5;143596;143596;140;140;18614,2;18614,2;4857,7;4857,7;"OLHAO"
"2006-08-01";35494;35494;156609;156609;14;14;21321;21321;4599,4;4599,4;"OLHAO"
"2006-10-01";264995;264995;131192;131192;56;56;2065,9;2065,9;3440,3;3440,3;"OLHAO"
"2007-03-01";47920;47920;62736;62736;63;63;738,2;738,2;1010;1010;"OLHAO"
"2007-04-01";95692;95692;37325;37325;2034;2034;351;351;1731,9;1731,9;"OLHAO"
"2007-05-01";103298;103298;62918;62918;5750;5750;4489;4489;4731,1;4731,1;"OLHAO"
"2007-06-01";92604;92604;39735;39735;4167;4167;3101,5;3101,5;12138,1;12138,1;"OLHAO"
"2007-07-01";252541;252541;46618;46618;507;507;2293;2293;32855,6;32855,6;"OLHAO"
"2007-09-01";931524;931524;47352;47352;30;30;6069;6069;25720,1;25720,1;"OLHAO"
"2008-01-01";112500;112500;174800;174800;200;200;1518;1518;1806,3;1806,3;"OLHAO"
"2008-02-01";79175;79175;43720;43720;180;180;0;0;6480,1;6480,1;"OLHAO"
"2008-03-01";124825;124825;96300;96300;3000;3000;30,9;30,9;865,7;865,7;"OLHAO"
"2008-11-01";211723;211723;167532;167532;2900;2900;1421;1421;14376,2;14376,2;"OLHAO"
"2008-12-01";22485;22485;104268;104268;3140;3140;17,5;17,5;5088;5088;"OLHAO"
"2009-02-01";135351;135351;74317;74317;164;164;788;788;3661,2;3661,2;"OLHAO"
"2009-03-01";77680;77680;82489;82489;76;76;776;776;4586;4586;"OLHAO"
"2009-04-01";197660;197660;37668;37668;9;9;7849,2;7849,2;13151,8;13151,8;"OLHAO"
"2009-05-01";66447,7;66447,7;53721,5;53721,5;60;60;16405;16405;22953,4;22953,4;"OLHAO"
"2009-06-01";62325;62325;60586;60586;35;35;27227;27227;58104,2;58104,2;"OLHAO"
"2009-07-01";192040;192040;105917;105917;18;18;9307;9307;78844;78844;"OLHAO"
"2009-08-01";85845;85845;105357;105357;1500;1500;6654,9;6654,9;57710,7;57710,7;"OLHAO"
"2009-10-01";406092;406092;75960;75960;1500;1500;6611;6611;17667,4;17667,4;"OLHAO"
"2010-07-01";424251;424251;158788;158788;14;14;34141;34141;29999,8;29999,8;"OLHAO"
"2005-09-01";0;0;2857,5;2857,5;0;0;0,8;0,8;60,4;60,4;"VIANA DO CASTELO"
"2005-11-01";0;0;9112,5;9112,5;0;0;34,1;34,1;106,2;106,2;"VIANA DO CASTELO"
"2006-01-01";4,1;4,1;0;0;0;0;1,8;1,8;74,5;74,5;"VIANA DO CASTELO"
"2005-05-01";157,5;157,5;645457,5;645457,5;0;0;18;18;0;0;"MATOSINHOS"
"2005-06-01";5062,5;5062,5;1054585;1054585;0;0;1350;1350;286;286;"MATOSINHOS"
"2005-07-01";111240;111240;895817,5;895817,5;0;0;72;72;870,9;870,9;"MATOSINHOS"
"2005-08-01";213232,5;213232,5;1067422,5;1067422,5;0;0;96768;96768;3417,9;3417,9;"MATOSINHOS"
"2005-09-01";382792,5;382792,5;1746235;1746235;0;0;108594;108594;3611,3;3611,3;"MATOSINHOS"
"2005-10-01";32670;32670;1831725;1831725;0;0;63679,5;63679,5;571;571;"MATOSINHOS"
"2005-11-01";63201,7;63201,7;1628617,5;1628617,5;0;0;104148;104148;781,7;781,7;"MATOSINHOS"
"2005-12-01";57015;57015;813690;813690;0;0;7272;7272;240;240;"MATOSINHOS"
"2006-01-01";65542,5;65542,5;825277,5;825277,5;0;0;22140;22140;319;319;"MATOSINHOS"
"2006-02-01";23850;23850;261562,5;261562,5;0;0;34380;34380;65,3;65,3;"MATOSINHOS"
"2006-03-01";0;0;16245;16245;0;0;126;126;0;0;"MATOSINHOS"
"2006-04-01";4707;4707;386640;386640;0;0;2741,4;2741,4;3012,9;3012,9;"MATOSINHOS"
"2006-05-01";13679,6;13679,6;1228072,5;1228072,5;0;0;23814;23814;1282,5;1282,5;"MATOSINHOS"
"2006-06-01";185080;185080;1332562,5;1332562,5;0;0;18563,1;18563,1;2937,3;2937,3;"MATOSINHOS"
"2006-07-01";260887,5;260887,5;994320;994320;0;0;48217,5;48217,5;48142,4;48142,4;"MATOSINHOS"
"2006-08-01";253327,5;253327,5;2018182,5;2018182,5;0;0;4032;4032;4992,6;4992,6;"MATOSINHOS"
"2006-09-01";285300;285300;2297115;2297115;0;0;2988;2988;8786,3;8786,3;"MATOSINHOS"
"2006-10-01";284917,5;284917,5;1312312,5;1312312,5;0;0;3006;3006;1639;1639;"MATOSINHOS"
"2006-11-01";200745;200745;1343385;1343385;0;0;162;162;0;0;"MATOSINHOS"
"2006-12-01";108247,5;108247,5;814860;814860;0;0;198;198;59,6;59,6;"MATOSINHOS"
"2007-01-01";14490;14490;1168357,5;1168357,5;0;0;162;162;498,4;498,4;"MATOSINHOS"
"2007-03-01";0;0;14490;14490;0;0;26,9;26,9;191,3;191,3;"MATOSINHOS"
"2008-06-01";212197,5;212197,5;2707110;2707110;0;0;540;540;1188,8;1188,8;"MATOSINHOS"
"2008-07-01";248962,5;248962,5;2820105;2820105;0;0;3492;3492;4788,1;4788,1;"MATOSINHOS"
"2008-08-01";188370;188370;2892442,5;2892442,5;0;0;1278;1278;1229;1229;"MATOSINHOS"
"2009-01-01";0;0;238117,5;238117,5;0;0;22500;22500;90;90;"MATOSINHOS"
"2009-04-01";135;135;732825;732825;0;0;7362;7362;1838,3;1838,3;"MATOSINHOS"
"2009-07-01";217620;217620;2047590;2047590;0;0;8406;8406;6903,4;6903,4;"MATOSINHOS"
"2009-08-01";237420;237420;1453365;1453365;0;0;10494;10494;2476;2476;"MATOSINHOS"
"2009-11-01";56047,5;56047,5;1134405;1134405;0;0;28908;28908;638,5;638,5;"MATOSINHOS"
"2010-03-01";0;0;2542,5;2542,5;0;0;288;288;30,7;30,7;"MATOSINHOS"
"2010-04-01";1282,5;1282,5;903667,5;903667,5;0;0;810;810;112,5;112,5;"MATOSINHOS"
"2010-05-01";13747,5;13747,5;1672447,5;1672447,5;0;0;19026;19026;1047;1047;"MATOSINHOS"
"2010-08-01";368505;368505;1665159,9;1665159,9;0;0;66042;66042;2911,9;2911,9;"MATOSINHOS"
"2005-07-01";1188,3;1188,3;26527,5;26527,5;0;0;18;18;0;0;"AVEIRO"
"2005-12-01";0;0;38407,5;38407,5;0;0;468;468;0;0;"AVEIRO"
"2006-01-01";0;0;3735;3735;0;0;414;414;0;0;"AVEIRO"
"2006-10-01";17550;17550;74655;74655;0;0;522;522;0;0;"AVEIRO"
"2006-11-01";1125;1125;255397,5;255397,5;0;0;97,7;97,7;0;0;"AVEIRO"
"2007-07-01";2475;2475;67027,5;67027,5;0;0;144;144;0;0;"AVEIRO"
"2007-12-01";6811,6;6811,6;228015;228015;0;0;108;108;0;0;"AVEIRO"
"2008-07-01";43200;43200;546030;546030;0;0;148,2;148,2;490,2;490,2;"AVEIRO"
"2008-09-01";37980;37980;540090;540090;0;0;317,6;317,6;1323,4;1323,4;"AVEIRO"
"2009-01-01";0;0;127237,5;127237,5;0;0;3873,2;3873,2;94,4;94,4;"AVEIRO"
"2009-03-01";0;0;3600;3600;0;0;3942;3942;0;0;"AVEIRO"
"2009-04-01";0;0;202,5;202,5;0;0;108;108;0;0;"AVEIRO"
"2009-05-01";0;0;34627,5;34627,5;0;0;4932;4932;79,3;79,3;"AVEIRO"
"2009-06-01";540;540;144990;144990;0;0;6912;6912;30,3;30,3;"AVEIRO"
"2009-07-01";32220;32220;110655;110655;0;0;6624;6624;33,3;33,3;"AVEIRO"
"2009-09-01";6412,5;6412,5;227182,5;227182,5;0;0;5598;5598;293,9;293,9;"AVEIRO"
"2009-10-01";17122;17122;202747,5;202747,5;0;0;6030;6030;465,7;465,7;"AVEIRO"
"2009-11-01";472,5;472,5;377752,5;377752,5;0;0;18;18;158,8;158,8;"AVEIRO"
"2010-05-01";7860;7860;150952,5;150952,5;0;0;5202;5202;64,2;64,2;"AVEIRO"
"2010-06-01";15412,5;15412,5;194962,5;194962,5;0;0;3564;3564;0;0;"AVEIRO"
"2010-07-01";45489;45489;143550;143550;0;0;2034;2034;0;0;"AVEIRO"
"2010-08-01";16560;16560;184545;184545;0;0;29967,3;29967,3;1866;1866;"AVEIRO"
"2010-09-01";2362,5;2362,5;249727,5;249727,5;0;0;17460;17460;43;43;"AVEIRO"
"2010-10-01";0;0;183915;183915;0;0;126;126;0;0;"AVEIRO"
"2005-06-01";12060;12060;275445;275445;0;0;30105;30105;911,1;911,1;"FIGUEIRA DA FOZ"
"2005-07-01";26010;26010;249187,5;249187,5;0;0;4567,5;4567,5;775,6;775,6;"FIGUEIRA DA FOZ"
"2005-08-01";135540;135540;203152,5;203152,5;0;0;2810;2810;265,1;265,1;"FIGUEIRA DA FOZ"
"2005-09-01";12963;12963;716540,1;716540,1;0;0;13518;13518;58923;58923;"FIGUEIRA DA FOZ"
"2006-04-01";45;45;420682,5;420682,5;0;0;504;504;15,6;15,6;"FIGUEIRA DA FOZ"
"2006-05-01";4005;4005;495360;495360;0;0;2542,5;2542,5;6,8;6,8;"FIGUEIRA DA FOZ"
"2006-06-01";2115;2115;602460;602460;0;0;9288;9288;2754,1;2754,1;"FIGUEIRA DA FOZ"
"2006-07-01";4500;4500;694949;694949;0;0;7479;7479;3667,6;3667,6;"FIGUEIRA DA FOZ"
"2006-08-01";38002,5;38002,5;677836,2;677836,2;0;0;33588;33588;1832,9;1832,9;"FIGUEIRA DA FOZ"
"2006-09-01";10800;10800;1078785;1078785;0;0;1062;1062;133,2;133,2;"FIGUEIRA DA FOZ"
"2006-10-01";101002,5;101002,5;787747,5;787747,5;0;0;324;324;345,5;345,5;"FIGUEIRA DA FOZ"
"2006-11-01";1845;1845;1116585;1116585;0;0;270;270;579,7;579,7;"FIGUEIRA DA FOZ"
"2007-07-01";134730;134730;1049997,5;1049997,5;0;0;3672;3672;4199,9;4199,9;"FIGUEIRA DA FOZ"
"2008-05-01";57555;57555;806265;806265;0;0;54;54;25;25;"FIGUEIRA DA FOZ"
"2008-06-01";101610;101610;742005,3;742005,3;0;0;5517;5517;990;990;"FIGUEIRA DA FOZ"
"2008-07-01";3757,5;3757,5;985815;985815;0;0;630;630;1197,4;1197,4;"FIGUEIRA DA FOZ"
"2008-08-01";11307,2;11307,2;1038228,3;1038228,3;0;0;9450;9450;44,8;44,8;"FIGUEIRA DA FOZ"
"2009-01-01";0;0;654247,5;654247,5;0;0;28584;28584;0;0;"FIGUEIRA DA FOZ"
"2009-06-01";10395;10395;133740;133740;0;0;3330;3330;8,2;8,2;"FIGUEIRA DA FOZ"
"2009-07-01";35167,5;35167,5;705442,5;705442,5;0;0;23634;23634;142,8;142,8;"FIGUEIRA DA FOZ"
"2009-08-01";113940;113940;779715;779715;0;0;133913,1;133913,1;1860,5;1860,5;"FIGUEIRA DA FOZ"
"2009-09-01";39465;39465;761562,9;761562,9;0;0;65944,7;65944,7;1307,1;1307,1;"FIGUEIRA DA FOZ"
"2009-10-01";46597,5;46597,5;1114384,5;1114384,5;0;0;10404;10404;628,4;628,4;"FIGUEIRA DA FOZ"
"2009-11-01";7357,5;7357,5;1528605;1528605;0;0;6152,2;6152,2;979,2;979,2;"FIGUEIRA DA FOZ"
"2010-04-01";27540;27540;426897;426897;0;0;1566;1566;393,1;393,1;"FIGUEIRA DA FOZ"
"2010-05-01";43245;43245;360864,6;360864,6;0;0;14226;14226;382,9;382,9;"FIGUEIRA DA FOZ"
"2010-06-01";22072,5;22072,5;399937,5;399937,5;0;0;13059;13059;7831,5;7831,5;"FIGUEIRA DA FOZ"
"2010-07-01";367515;367515;850680;850680;0;0;2526;2526;848,8;848,8;"FIGUEIRA DA FOZ"
"2010-08-01";159894,1;159894,1;1202733,9;1202733,9;0;0;153633,5;153633,5;5853,2;5853,2;"FIGUEIRA DA FOZ"
"2010-09-01";767227,5;767227,5;1327162,5;1327162,5;0;0;165819;165819;2074;2074;"FIGUEIRA DA FOZ"
"2010-11-01";270;270;1920946,5;1920946,5;0;0;8610;8610;2458;2458;"FIGUEIRA DA FOZ"
"2005-01-01";68787,5;68787,5;684427,5;684427,5;0;0;64547;64547;29597,8;29597,8;"PENICHE"
"2005-02-01";742,5;742,5;203805;203805;0;0;3240;3240;9767,5;9767,5;"PENICHE"
"2005-03-01";80235;80235;257782,5;257782,5;0;0;23940;23940;703;703;"PENICHE"
"2005-04-01";594577,5;594577,5;284872,5;284872,5;0;0;61488;61488;8673,5;8673,5;"PENICHE"
"2005-05-01";928030;928030;531630;531630;0;0;141372;141372;6624,4;6624,4;"PENICHE"
"2005-06-01";505620;505620;1086095,5;1086095,5;0;0;24721,3;24721,3;1159,3;1159,3;"PENICHE"
"2005-07-01";10462,5;10462,5;1452294,5;1452294,5;0;0;1530;1530;861,4;861,4;"PENICHE"
"2005-08-01";36202,5;36202,5;1692585;1692585;0;0;990;990;4654,5;4654,5;"PENICHE"
"2005-09-01";308620;308620;1625962,5;1625962,5;0;0;3216;3216;12067,5;12067,5;"PENICHE"
"2005-11-01";17032,5;17032,5;665685;665685;0;0;555;555;12579,3;12579,3;"PENICHE"
"2005-12-01";11047,5;11047,5;595777,5;595777,5;0;0;4734;4734;6207,7;6207,7;"PENICHE"
"2006-01-01";48385;48385;568710;568710;0;0;10152;10152;18851,4;18851,4;"PENICHE"
"2006-02-01";6660;6660;251820;251820;0;0;2340;2340;3974,1;3974,1;"PENICHE"
"2006-03-01";4185;4185;332707,5;332707,5;0;0;4392;4392;5518,6;5518,6;"PENICHE"
"2006-05-01";8284;8284;1056422,5;1056422,5;0;0;11,8;11,8;8380,3;8380,3;"PENICHE"
"2006-06-01";13387,5;13387,5;1061132;1061132;0;0;3664,5;3664,5;940,7;940,7;"PENICHE"
"2006-07-01";61309,1;61309,1;1035955;1035955;0;0;216;216;3523,5;3523,5;"PENICHE"
"2006-08-01";54898,2;54898,2;893833;893833;0;0;468;468;2308,7;2308,7;"PENICHE"
"2006-09-01";309642,4;309642,4;954315;954315;0;0;36,3;36,3;4570,3;4570,3;"PENICHE"
"2006-10-01";128906,3;128906,3;712395;712395;0;0;288;288;7086;7086;"PENICHE"
"2006-11-01";80951,7;80951,7;608557,5;608557,5;0;0;162;162;8066,3;8066,3;"PENICHE"
"2006-12-01";153825,5;153825,5;310635;310635;0;0;3960,9;3960,9;24424,8;24424,8;"PENICHE"
"2007-01-01";53392,5;53392,5;323595;323595;0;0;1856,8;1856,8;28346,4;28346,4;"PENICHE"
"2007-02-01";33893;33893;159997,5;159997,5;0;0;1357,6;1357,6;19164;19164;"PENICHE"
"2007-03-01";21240;21240;174645;174645;0;0;642,9;642,9;4266,7;4266,7;"PENICHE"
"2007-04-01";5790;5790;234135;234135;0;0;846;846;3719,8;3719,8;"PENICHE"
"2007-05-01";174107,5;174107,5;637807,5;637807,5;0;0;1080;1080;39626,1;39626,1;"PENICHE"
"2007-06-01";16932,5;16932,5;746065;746065;0;0;72;72;7025,3;7025,3;"PENICHE"
"2007-07-01";38722,5;38722,5;1055860;1055860;0;0;120,7;120,7;3213,4;3213,4;"PENICHE"
"2007-08-01";96975;96975;957690;957690;0;0;4410;4410;8503,5;8503,5;"PENICHE"
"2007-09-01";48240;48240;1008652,5;1008652,5;0;0;11844;11844;5709;5709;"PENICHE"
"2007-10-01";26010;26010;1263487,5;1263487,5;0;0;1908;1908;2775,6;2775,6;"PENICHE"
"2007-11-01";65140;65140;1407690;1407690;0;0;2639;2639;7136;7136;"PENICHE"
"2007-12-01";19796,7;19796,7;608895;608895;0;0;34182;34182;6833,2;6833,2;"PENICHE"
"2008-01-01";249401,7;249401,7;617377,5;617377,5;0;0;16282,8;16282,8;38662,9;38662,9;"PENICHE"
"2008-02-01";48245,5;48245,5;382747,5;382747,5;0;0;986,5;986,5;31888,2;31888,2;"PENICHE"
"2008-03-01";17707,5;17707,5;322155;322155;0;0;648;648;4160,2;4160,2;"PENICHE"
"2008-04-01";37850;37850;183667,5;183667,5;0;0;126;126;12120,4;12120,4;"PENICHE"
"2008-05-01";39968,5;39968,5;883755;883755;0;0;33;33;28416,3;28416,3;"PENICHE"
"2008-06-01";3937,5;3937,5;916222,5;916222,5;0;0;1728;1728;2389,3;2389,3;"PENICHE"
"2008-07-01";25342,5;25342,5;1027367,5;1027367,5;0;0;5004;5004;607,6;607,6;"PENICHE"
"2008-08-01";14197,5;14197,5;712305;712305;0;0;5292;5292;1885;1885;"PENICHE"
"2008-09-01";19755;19755;942232,5;942232,5;0;0;2664;2664;5955,1;5955,1;"PENICHE"
"2008-10-01";11582,5;11582,5;806917,5;806917,5;0;0;126;126;3049,1;3049,1;"PENICHE"
"2008-12-01";29547,5;29547,5;521257,5;521257,5;0;0;1440;1440;4084;4084;"PENICHE"
"2009-01-01";32305;32305;394425;394425;0;0;39068;39068;27249,5;27249,5;"PENICHE"
"2009-02-01";13550;13550;364095;364095;0;0;4320;4320;12500;12500;"PENICHE"
"2009-03-01";35240;35240;260550;260550;0;0;2862;2862;21418,7;21418,7;"PENICHE"
"2009-04-01";1020;1020;473626,3;473626,3;0;0;172;172;18571,3;18571,3;"PENICHE"
"2009-05-01";12560;12560;502554,6;502554,6;0;0;378;378;16643,6;16643,6;"PENICHE"
"2009-06-01";27225;27225;740145;740145;0;0;423;423;165;165;"PENICHE"
"2009-07-01";21127,5;21127,5;875970;875970;0;0;4445,5;4445,5;5061,4;5061,4;"PENICHE"
"2009-08-01";10237,5;10237,5;776674,3;776674,3;0;0;2394;2394;0;0;"PENICHE"
"2009-09-01";26797,5;26797,5;921502,8;921502,8;0;0;1152;1152;503,3;503,3;"PENICHE"
"2009-10-01";16492,5;16492,5;777870;777870;0;0;1278;1278;26572,4;26572,4;"PENICHE"
"2009-11-01";131286;131286;492457,5;492457,5;0;0;8796,1;8796,1;32615,8;32615,8;"PENICHE"
"2009-12-01";127810;127810;174375;174375;0;0;17592;17592;13737,5;13737,5;"PENICHE"
"2010-01-01";57760;57760;335047,5;335047,5;0;0;2034;2034;21547,5;21547,5;"PENICHE"
"2010-03-01";122704,5;122704,5;652185;652185;0;0;720;720;28054;28054;"PENICHE"
"2010-04-01";199867,5;199867,5;237735;237735;0;0;342;342;18048;18048;"PENICHE"
"2010-05-01";297445;297445;94995;94995;0;0;2398,9;2398,9;58686,4;58686,4;"PENICHE"
"2010-06-01";41085;41085;763447,5;763447,5;0;0;432;432;246,9;246,9;"PENICHE"
"2010-08-01";48735;48735;662261;662261;0;0;9218;9218;14396,3;14396,3;"PENICHE"
"2010-09-01";40320;40320;578992,5;578992,5;0;0;29130;29130;12578,4;12578,4;"PENICHE"
"2010-10-01";247541;247541;314775;314775;0;0;48492;48492;53260,2;53260,2;"PENICHE"
"2010-11-01";209190;209190;208890;208890;0;0;110358,6;110358,6;48589,1;48589,1;"PENICHE"
"2010-12-01";52492,5;52492,5;8415;8415;0;0;69948;69948;43562;43562;"PENICHE"
"2005-01-01";0;0;205023,5;205023,5;0;0;41855,2;41855,2;10833,5;10833,5;"SESIMBRA"
"2005-03-01";19326;19326;280100;280100;0;0;172,2;172,2;6601,5;6601,5;"SESIMBRA"
"2005-04-01";13193,8;13193,8;80567,2;80567,2;0;0;9742,4;9742,4;7948,1;7948,1;"SESIMBRA"
"2005-05-01";26150;26150;254851,1;254851,1;0;0;18609,6;18609,6;1774,5;1774,5;"SESIMBRA"
"2005-06-01";45448,3;45448,3;282215,1;282215,1;0;0;12780,1;12780,1;3053;3053;"SESIMBRA"
"2005-07-01";42592,2;42592,2;183507,9;183507,9;0;0;15456;15456;14597,3;14597,3;"SESIMBRA"
"2005-08-01";37951,6;37951,6;269325,8;269325,8;0;0;50465,4;50465,4;7441,1;7441,1;"SESIMBRA"
"2005-09-01";24186,7;24186,7;388889,7;388889,7;0;0;38693,7;38693,7;5613,9;5613,9;"SESIMBRA"
"2005-10-01";14777,5;14777,5;187070;187070;0;0;95122,6;95122,6;6567,5;6567,5;"SESIMBRA"
"2005-11-01";42011,3;42011,3;69433,2;69433,2;0;0;115097;115097;10842,4;10842,4;"SESIMBRA"
"2005-12-01";8979,2;8979,2;31167;31167;0;0;50739,5;50739,5;4759,3;4759,3;"SESIMBRA"
"2006-01-01";520;520;179389;179389;0;0;802;802;32497,9;32497,9;"SESIMBRA"
"2006-02-01";890;890;193328;193328;0;0;1405,5;1405,5;8843,4;8843,4;"SESIMBRA"
"2006-03-01";3284;3284;120864;120864;0;0;11008,6;11008,6;4068,5;4068,5;"SESIMBRA"
"2006-04-01";6799,5;6799,5;167135,6;167135,6;0;0;6724;6724;3736,4;3736,4;"SESIMBRA"
"2006-05-01";30560,1;30560,1;193581,7;193581,7;0;0;4604;4604;6414,1;6414,1;"SESIMBRA"
"2006-06-01";74725,4;74725,4;238093,8;238093,8;0;0;43872,9;43872,9;3790,3;3790,3;"SESIMBRA"
"2006-07-01";103741,8;103741,8;156061,1;156061,1;0;0;92153,7;92153,7;6736,3;6736,3;"SESIMBRA"
"2006-08-01";150084,2;150084,2;138222,5;138222,5;0;0;51902,5;51902,5;5732,7;5732,7;"SESIMBRA"
"2006-09-01";137612,7;137612,7;123093,1;123093,1;0;0;42710,2;42710,2;3803,2;3803,2;"SESIMBRA"
"2006-10-01";155056,3;155056,3;39387,8;39387,8;0;0;67425,8;67425,8;24539,4;24539,4;"SESIMBRA"
"2006-11-01";272461;272461;56011;56011;0;0;24026;24026;20137,6;20137,6;"SESIMBRA"
"2006-12-01";205798,9;205798,9;8892;8892;0;0;448,9;448,9;11508,8;11508,8;"SESIMBRA"
"2007-01-01";26488,8;26488,8;61890,5;61890,5;0;0;15396,7;15396,7;30881,8;30881,8;"SESIMBRA"
"2007-02-01";10339,6;10339,6;81075,8;81075,8;0;0;1390,3;1390,3;14721,1;14721,1;"SESIMBRA"
"2007-05-01";84160,9;84160,9;231270,6;231270,6;0;0;18436,7;18436,7;2885,8;2885,8;"SESIMBRA"
"2007-06-01";63964,3;63964,3;269561,2;269561,2;0;0;91182;91182;8471,9;8471,9;"SESIMBRA"
"2007-07-01";177133,5;177133,5;153913,8;153913,8;0;0;365128,5;365128,5;6488,9;6488,9;"SESIMBRA"
"2007-08-01";144020,6;144020,6;137539,2;137539,2;0;0;346673,7;346673,7;9019;9019;"SESIMBRA"
"2007-09-01";347071,6;347071,6;104247,7;104247,7;0;0;124788,3;124788,3;11672,9;11672,9;"SESIMBRA"
"2007-10-01";300757,9;300757,9;94859,2;94859,2;0;0;142659,9;142659,9;2107,4;2107,4;"SESIMBRA"
"2007-11-01";423227,2;423227,2;78719,3;78719,3;0;0;108151,9;108151,9;2476;2476;"SESIMBRA"
"2007-12-01";109721,8;109721,8;39755;39755;0;0;89613;89613;6806;6806;"SESIMBRA"
"2008-01-01";134684,6;134684,6;122504;122504;0;0;41544,6;41544,6;5866,1;5866,1;"SESIMBRA"
"2008-02-01";223980;223980;249891;249891;0;0;15000,7;15000,7;32374,2;32374,2;"SESIMBRA"
"2008-04-01";159906,4;159906,4;132627,4;132627,4;0;0;13442,9;13442,9;24792,7;24792,7;"SESIMBRA"
"2008-05-01";102946,7;102946,7;352305;352305;0;0;29040,4;29040,4;2286,5;2286,5;"SESIMBRA"
"2008-06-01";218394,7;218394,7;337864,9;337864,9;0;0;129947,1;129947,1;6332,6;6332,6;"SESIMBRA"
"2008-07-01";501815,9;501815,9;328978,8;328978,8;0;0;77686,2;77686,2;10077,9;10077,9;"SESIMBRA"
"2008-08-01";839524;839524;267908,4;267908,4;0;0;18471,3;18471,3;3044,4;3044,4;"SESIMBRA"
"2008-09-01";1121040;1121040;120181,5;120181,5;0;0;6883,7;6883,7;16422,4;16422,4;"SESIMBRA"
"2008-10-01";528040;528040;93429,5;93429,5;0;0;2838,9;2838,9;2388,7;2388,7;"SESIMBRA"
"2008-11-01";780542,2;780542,2;49166;49166;0;0;21555;21555;3636;3636;"SESIMBRA"
"2009-02-01";61060;61060;286845,6;286845,6;0;0;7,5;7,5;3417,6;3417,6;"SESIMBRA"
"2009-03-01";74447,7;74447,7;245689,8;245689,8;0;0;16642,9;16642,9;5053;5053;"SESIMBRA"
"2009-04-01";33480,7;33480,7;200379,9;200379,9;0;0;25805,4;25805,4;2056,8;2056,8;"SESIMBRA"
"2009-05-01";22014,4;22014,4;238108,6;238108,6;0;0;24036;24036;4666,7;4666,7;"SESIMBRA"
"2009-06-01";192666,6;192666,6;342530,7;342530,7;0;0;59958,1;59958,1;5390;5390;"SESIMBRA"
"2009-07-01";270071;270071;428329,7;428329,7;0;0;108323,9;108323,9;15682,2;15682,2;"SESIMBRA"
"2009-08-01";185741,7;185741,7;780642,9;780642,9;0;0;74490,1;74490,1;1460,1;1460,1;"SESIMBRA"
"2009-09-01";285841,2;285841,2;475844,2;475844,2;0;0;35225,7;35225,7;27718;27718;"SESIMBRA"
"2009-10-01";273920;273920;339847,2;339847,2;0;0;29320,6;29320,6;5998,7;5998,7;"SESIMBRA"
"2009-11-01";72984;72984;384366;384366;0;0;51040,8;51040,8;2816,5;2816,5;"SESIMBRA"
"2009-12-01";85200;85200;193190;193190;0;0;34019;34019;2000,1;2000,1;"SESIMBRA"
"2010-01-01";40500;40500;413020;413020;0;0;13635;13635;5016,7;5016,7;"SESIMBRA"
"2010-02-01";300;300;350811;350811;0;0;278,1;278,1;1953,4;1953,4;"SESIMBRA"
"2010-03-01";1640;1640;622075;622075;0;0;338,4;338,4;5337;5337;"SESIMBRA"
"2010-04-01";85003,6;85003,6;478669;478669;0;0;422,4;422,4;1463;1463;"SESIMBRA"
"2010-06-01";97799,7;97799,7;300963,1;300963,1;0;0;143,5;143,5;3203,4;3203,4;"SESIMBRA"
"2010-08-01";309766;309766;265466,5;265466,5;0;0;53072,1;53072,1;22641;22641;"SESIMBRA"
"2010-09-01";907564;907564;52620,1;52620,1;0;0;47885,6;47885,6;2539,4;2539,4;"SESIMBRA"
"2010-10-01";721500;721500;143693;143693;0;0;22158,3;22158,3;2882,1;2882,1;"SESIMBRA"
"2010-11-01";311320;311320;287310;287310;0;0;9779;9779;18932,4;18932,4;"SESIMBRA"
"2010-12-01";157640;157640;161874,6;161874,6;0;0;824,8;824,8;623,5;623,5;"SESIMBRA"
"2005-03-01";21041,7;21041,7;140910;140910;0;0;8066,7;8066,7;6289;6289;"SETUBAL"
"2005-04-01";1293,7;1293,7;29120,4;29120,4;0;0;22000,9;22000,9;13040,2;13040,2;"SETUBAL"
"2005-05-01";3531,5;3531,5;37826,7;37826,7;0;0;9569,5;9569,5;12551,7;12551,7;"SETUBAL"
"2005-06-01";2972,5;2972,5;53819,8;53819,8;0;0;4132,7;4132,7;7130,8;7130,8;"SETUBAL"
"2005-07-01";2136,3;2136,3;29144,6;29144,6;0;0;5253,4;5253,4;11735,8;11735,8;"SETUBAL"
"2005-08-01";2081,8;2081,8;44075,1;44075,1;0;0;5721,8;5721,8;10555,9;10555,9;"SETUBAL"
"2005-09-01";1053,1;1053,1;11669,4;11669,4;0;0;8115,8;8115,8;10169,3;10169,3;"SETUBAL"
"2005-10-01";14110,6;14110,6;50431,1;50431,1;0;0;19345,9;19345,9;6122,7;6122,7;"SETUBAL"
"2005-11-01";6148,7;6148,7;59585,3;59585,3;0;0;64737,3;64737,3;39787,7;39787,7;"SETUBAL"
"2005-12-01";12820,3;12820,3;51862,4;51862,4;0;0;66080,4;66080,4;16243,1;16243,1;"SETUBAL"
"2006-01-01";3906,6;3906,6;228019,1;228019,1;0;0;36629,2;36629,2;17417,4;17417,4;"SETUBAL"
"2006-02-01";2306,5;2306,5;112428,3;112428,3;0;0;25303,4;25303,4;6184,5;6184,5;"SETUBAL"
"2006-03-01";270,4;270,4;28048,9;28048,9;0;0;17506;17506;17444;17444;"SETUBAL"
"2006-04-01";2818,6;2818,6;3831,4;3831,4;0;0;27191,9;27191,9;21789,7;21789,7;"SETUBAL"
"2006-05-01";5449,9;5449,9;39378,1;39378,1;0;0;14800,4;14800,4;34195,3;34195,3;"SETUBAL"
"2006-06-01";10109,1;10109,1;49946,2;49946,2;0;0;34769,9;34769,9;17703,2;17703,2;"SETUBAL"
"2006-07-01";9459,3;9459,3;39040,1;39040,1;0;0;18184,9;18184,9;7503,4;7503,4;"SETUBAL"
"2006-08-01";5893,3;5893,3;36032,9;36032,9;0;0;27907,8;27907,8;10984,4;10984,4;"SETUBAL"
"2006-09-01";24617,4;24617,4;17552,4;17552,4;0;0;24082,6;24082,6;16920,3;16920,3;"SETUBAL"
"2006-10-01";11263,2;11263,2;6957,1;6957,1;0;0;62573;62573;12223,7;12223,7;"SETUBAL"
"2006-11-01";13162,8;13162,8;24608,7;24608,7;0;0;61634;61634;15726,7;15726,7;"SETUBAL"
"2006-12-01";7271,4;7271,4;7323,5;7323,5;0;0;31743,3;31743,3;13171,6;13171,6;"SETUBAL"
"2007-01-01";2079,1;2079,1;88490,3;88490,3;0;0;105074;105074;11226,6;11226,6;"SETUBAL"
"2007-05-01";7625,8;7625,8;89473,9;89473,9;0;0;9223,6;9223,6;16045,5;16045,5;"SETUBAL"
"2007-07-01";82393,7;82393,7;73201,1;73201,1;0;0;39858;39858;5132,7;5132,7;"SETUBAL"
"2007-08-01";183692,6;183692,6;37758,4;37758,4;0;0;60756,3;60756,3;5143,4;5143,4;"SETUBAL"
"2007-09-01";114863,9;114863,9;41033,5;41033,5;0;0;63955,4;63955,4;13147,9;13147,9;"SETUBAL"
"2007-10-01";274258,7;274258,7;9577,4;9577,4;0;0;71670,7;71670,7;5410,2;5410,2;"SETUBAL"
"2007-11-01";308089,7;308089,7;21596,7;21596,7;0;0;74479,2;74479,2;6236,9;6236,9;"SETUBAL"
"2007-12-01";147672,9;147672,9;5877,2;5877,2;0;0;116732,9;116732,9;8290,9;8290,9;"SETUBAL"
"2008-02-01";17647,6;17647,6;101825,6;101825,6;0;0;6423,2;6423,2;9674,1;9674,1;"SETUBAL"
"2008-06-01";39029,2;39029,2;124353,8;124353,8;0;0;13180;13180;3789,1;3789,1;"SETUBAL"
"2008-07-01";30450,4;30450,4;139460,5;139460,5;0;0;25784,8;25784,8;14344,7;14344,7;"SETUBAL"
"2008-08-01";20525,3;20525,3;90079;90079;0;0;11047,2;11047,2;34259,3;34259,3;"SETUBAL"
"2008-09-01";60664,3;60664,3;151472,5;151472,5;0;0;5506,4;5506,4;26161,5;26161,5;"SETUBAL"
"2008-10-01";218901,7;218901,7;105166,5;105166,5;0;0;1271,8;1271,8;22698,9;22698,9;"SETUBAL"
"2008-11-01";286967,7;286967,7;78319,2;78319,2;0;0;8333,4;8333,4;25068,3;25068,3;"SETUBAL"
"2009-02-01";1155;1155;79673,5;79673,5;0;0;142,3;142,3;8155,6;8155,6;"SETUBAL"
"2009-04-01";3274;3274;71357,4;71357,4;0;0;12211,3;12211,3;7982,5;7982,5;"SETUBAL"
"2009-05-01";9117,8;9117,8;71905,9;71905,9;0;0;3409,4;3409,4;6558,7;6558,7;"SETUBAL"
"2009-06-01";7059,3;7059,3;105679,8;105679,8;0;0;16698,2;16698,2;2923,5;2923,5;"SETUBAL"
"2009-07-01";5359,3;5359,3;115652,5;115652,5;0;0;20974;20974;14800,1;14800,1;"SETUBAL"
"2009-08-01";3233,1;3233,1;106980,9;106980,9;0;0;29876,4;29876,4;10139,9;10139,9;"SETUBAL"
"2009-09-01";2130,8;2130,8;71226,5;71226,5;0;0;48126,7;48126,7;19666,4;19666,4;"SETUBAL"
"2009-10-01";5484,1;5484,1;70010,7;70010,7;0;0;40884;40884;26921,5;26921,5;"SETUBAL"
"2009-12-01";32791;32791;66615,6;66615,6;0;0;36838,6;36838,6;6911,6;6911,6;"SETUBAL"
"2010-01-01";1354,6;1354,6;82912,8;82912,8;0;0;17557,5;17557,5;12942;12942;"SETUBAL"
"2010-02-01";1603,2;1603,2;190501;190501;0;0;2776,9;2776,9;3504;3504;"SETUBAL"
"2010-03-01";3073,2;3073,2;118446;118446;0;0;4869,4;4869,4;7000,5;7000,5;"SETUBAL"
"2010-04-01";8176;8176;171734;171734;0;0;1501,4;1501,4;8508,9;8508,9;"SETUBAL"
"2010-05-01";22690,4;22690,4;75155,3;75155,3;0;0;8690,5;8690,5;26245,9;26245,9;"SETUBAL"
"2010-06-01";28626,8;28626,8;80853,2;80853,2;0;0;983,6;983,6;8989,4;8989,4;"SETUBAL"
"2010-08-01";127001,4;127001,4;68883,9;68883,9;0;0;30853,7;30853,7;18315,1;18315,1;"SETUBAL"
"2010-09-01";169657,1;169657,1;125025,4;125025,4;0;0;28775,4;28775,4;10965,9;10965,9;"SETUBAL"
"2010-10-01";27605;27605;126825;126825;0;0;27584,9;27584,9;13962,4;13962,4;"SETUBAL"
"2010-11-01";41985,3;41985,3;114017,4;114017,4;0;0;18129,7;18129,7;8973,1;8973,1;"SETUBAL"
"2010-12-01";47420,9;47420,9;47369,4;47369,4;0;0;10202,7;10202,7;19214,2;19214,2;"SETUBAL"
"2005-01-01";21504;21504;495024;495024;0;0;10632,8;10632,8;8883,5;8883,5;"SINES"
"2005-02-01";18024;18024;416136;416136;0;0;99,3;99,3;1787,8;1787,8;"SINES"
"2005-03-01";62464,6;62464,6;386914;386914;0;0;6096,8;6096,8;15802,6;15802,6;"SINES"
"2005-04-01";28009;28009;445779;445779;0;0;1239,4;1239,4;4237,5;4237,5;"SINES"
"2005-05-01";16778,1;16778,1;230838,5;230838,5;0;0;3948,5;3948,5;3120,5;3120,5;"SINES"
"2005-06-01";54995,4;54995,4;395277;395277;0;0;3808,1;3808,1;2859,3;2859,3;"SINES"
"2005-07-01";107355,9;107355,9;539809,3;539809,3;0;0;10671,1;10671,1;11967,7;11967,7;"SINES"
"2005-08-01";75326,8;75326,8;872667;872667;0;0;7901,8;7901,8;1443,7;1443,7;"SINES"
"2005-09-01";39514;39514;615560;615560;0;0;14347,3;14347,3;24254,4;24254,4;"SINES"
"2005-10-01";14533,5;14533,5;347121,8;347121,8;0;0;28342,4;28342,4;24981,2;24981,2;"SINES"
"2005-11-01";32108,8;32108,8;272365,4;272365,4;0;0;25673,8;25673,8;48452,3;48452,3;"SINES"
"2005-12-01";47280;47280;282289,9;282289,9;0;0;3519,6;3519,6;22927;22927;"SINES"
"2006-01-01";51216;51216;496694;496694;0;0;6431,9;6431,9;7286,7;7286,7;"SINES"
"2006-02-01";32003,5;32003,5;390957,5;390957,5;0;0;3002,4;3002,4;2468,5;2468,5;"SINES"
"2006-03-01";12578;12578;169301,1;169301,1;0;0;2247,5;2247,5;17158,2;17158,2;"SINES"
"2006-04-01";27090,4;27090,4;209363;209363;0;0;907,6;907,6;7836,1;7836,1;"SINES"
"2006-05-01";59316,6;59316,6;398615,9;398615,9;0;0;3877,9;3877,9;9684,2;9684,2;"SINES"
"2006-06-01";130415,4;130415,4;460736;460736;0;0;25430,3;25430,3;32315,1;32315,1;"SINES"
"2006-07-01";135586,3;135586,3;629019,6;629019,6;0;0;22964,8;22964,8;15340,3;15340,3;"SINES"
"2006-08-01";156644,3;156644,3;568398;568398;0;0;58512,8;58512,8;6578,2;6578,2;"SINES"
"2006-09-01";164407,9;164407,9;471723;471723;0;0;56266;56266;9071,2;9071,2;"SINES"
"2006-10-01";102682,3;102682,3;435612;435612;0;0;32553,2;32553,2;7419,6;7419,6;"SINES"
"2006-11-01";132263,6;132263,6;355273,4;355273,4;0;0;7212,6;7212,6;7835;7835;"SINES"
"2006-12-01";116750,1;116750,1;232323;232323;0;0;4826,2;4826,2;3013,2;3013,2;"SINES"
"2007-01-01";48863;48863;475664;475664;0;0;1787,4;1787,4;6569,5;6569,5;"SINES"
"2007-02-01";39386;39386;313615;313615;0;0;1201,6;1201,6;3425,2;3425,2;"SINES"
"2007-03-01";12053,4;12053,4;551889;551889;0;0;1152,5;1152,5;8033,3;8033,3;"SINES"
"2007-04-01";16366,1;16366,1;291456;291456;0;0;1412,2;1412,2;20473,3;20473,3;"SINES"
"2007-05-01";53873,3;53873,3;313074,5;313074,5;0;0;1499,1;1499,1;32848,2;32848,2;"SINES"
"2007-06-01";172875,3;172875,3;599613,3;599613,3;0;0;4053,2;4053,2;50237,3;50237,3;"SINES"
"2007-07-01";282990,5;282990,5;535104;535104;0;0;9493;9493;53386,2;53386,2;"SINES"
"2007-08-01";190024;190024;886308,8;886308,8;0;0;15082,2;15082,2;47714,5;47714,5;"SINES"
"2007-09-01";225308,5;225308,5;495364,5;495364,5;0;0;38010;38010;41698,4;41698,4;"SINES"
"2007-10-01";252406;252406;264012;264012;0;0;27292;27292;56297,8;56297,8;"SINES"
"2007-11-01";229682;229682;304819;304819;0;0;24009,6;24009,6;47656,5;47656,5;"SINES"
"2007-12-01";141685,2;141685,2;130688;130688;0;0;36161,9;36161,9;26979,5;26979,5;"SINES"
"2008-01-01";181412;181412;309396;309396;0;0;122;122;19146;19146;"SINES"
"2008-02-01";207402;207402;305458;305458;0;0;62,6;62,6;43265,5;43265,5;"SINES"
"2008-03-01";118022,6;118022,6;318615,1;318615,1;0;0;1393,5;1393,5;7320,9;7320,9;"SINES"
"2008-04-01";39440,3;39440,3;285425,8;285425,8;0;0;609,9;609,9;19311,7;19311,7;"SINES"
"2008-05-01";157146,8;157146,8;518329,1;518329,1;0;0;1210,5;1210,5;20322,5;20322,5;"SINES"
"2008-06-01";228664,6;228664,6;436930,2;436930,2;0;0;38660,4;38660,4;45118,2;45118,2;"SINES"
"2008-07-01";210039,9;210039,9;618855,7;618855,7;0;0;9402,6;9402,6;77096,2;77096,2;"SINES"
"2008-08-01";249550,8;249550,8;663297,9;663297,9;0;0;6114,8;6114,8;56489,9;56489,9;"SINES"
"2008-09-01";242829,5;242829,5;597297,4;597297,4;0;0;10426,8;10426,8;81810,6;81810,6;"SINES"
"2008-10-01";84781,3;84781,3;422873,1;422873,1;0;0;3037,5;3037,5;21588;21588;"SINES"
"2008-11-01";209098,6;209098,6;418979,1;418979,1;0;0;2404,7;2404,7;21285,6;21285,6;"SINES"
"2009-01-01";69085,1;69085,1;503721,4;503721,4;0;0;17920,6;17920,6;10510;10510;"SINES"
"2009-02-01";59491,4;59491,4;491008,4;491008,4;0;0;525,1;525,1;6967,4;6967,4;"SINES"
"2009-03-01";107910;107910;506594,3;506594,3;0;0;1684,3;1684,3;11586;11586;"SINES"
"2009-04-01";39890;39890;480830,2;480830,2;0;0;2670,9;2670,9;13844,7;13844,7;"SINES"
"2009-05-01";74150,8;74150,8;332650,6;332650,6;0;0;6585,2;6585,2;22898,4;22898,4;"SINES"
"2009-06-01";101950,6;101950,6;506627;506627;0;0;10065,3;10065,3;52540,1;52540,1;"SINES"
"2009-07-01";75439,7;75439,7;532060,4;532060,4;0;0;39269,5;39269,5;33896,9;33896,9;"SINES"
"2009-08-01";55596;55596;575195,7;575195,7;0;0;16118,6;16118,6;42613,9;42613,9;"SINES"
"2009-09-01";86060,7;86060,7;583579,2;583579,2;0;0;17518,7;17518,7;58428,2;58428,2;"SINES"
"2009-10-01";64122,1;64122,1;548206,1;548206,1;0;0;13223,3;13223,3;27533;27533;"SINES"
"2009-11-01";82571,6;82571,6;257739,2;257739,2;0;0;14374,4;14374,4;13769;13769;"SINES"
"2009-12-01";35250;35250;245002;245002;0;0;7682,1;7682,1;2227,7;2227,7;"SINES"
"2010-01-01";22045;22045;230116;230116;0;0;1019,9;1019,9;15003,2;15003,2;"SINES"
"2010-02-01";48712,1;48712,1;294637,7;294637,7;0;0;3209,6;3209,6;6102,3;6102,3;"SINES"
"2010-03-01";36965,1;36965,1;400726;400726;0;0;5523,9;5523,9;4587,6;4587,6;"SINES"
"2010-04-01";87163,3;87163,3;297748,9;297748,9;0;0;7479,4;7479,4;14813,8;14813,8;"SINES"
"2010-05-01";126476;126476;589841;589841;0;0;1775,5;1775,5;7952,3;7952,3;"SINES"
"2010-06-01";156164;156164;547127,2;547127,2;0;0;3904,8;3904,8;11003,3;11003,3;"SINES"
"2010-07-01";247156;247156;601053,5;601053,5;0;0;5874,2;5874,2;15677,8;15677,8;"SINES"
"2010-08-01";251552;251552;529955;529955;0;0;13733,6;13733,6;34176,8;34176,8;"SINES"
"2010-09-01";294429,8;294429,8;414634,4;414634,4;0;0;25988,1;25988,1;25291,1;25291,1;"SINES"
"2010-10-01";261147,2;261147,2;497073;497073;0;0;16957,6;16957,6;25597,1;25597,1;"SINES"
"2010-11-01";94121,5;94121,5;430629,4;430629,4;0;0;15949,1;15949,1;21228,4;21228,4;"SINES"
"2010-12-01";46388,8;46388,8;150116,2;150116,2;0;0;3967,8;3967,8;7863,9;7863,9;"SINES"
"2005-07-01";0;0;248,7;248,7;0;0;227;227;0;0;"SAGRES"
"2005-08-01";4800;4800;4302,7;4302,7;0;0;299,5;299,5;135,3;135,3;"SAGRES"
"2005-09-01";8,5;8,5;0;0;0;0;922;922;0;0;"SAGRES"
"2005-10-01";18000;18000;0;0;0;0;24,9;24,9;42,2;42,2;"SAGRES"
"2005-11-01";10000;10000;24,2;24,2;0;0;356,4;356,4;3086,9;3086,9;"SAGRES"
"2006-07-01";3290;3290;2800;2800;0;0;400;400;238,9;238,9;"SAGRES"
"2006-08-01";0;0;153,8;153,8;0;0;174,6;174,6;30,8;30,8;"SAGRES"
"2009-09-01";0;0;0;0;0;0;637,7;637,7;966;966;"SAGRES"
"2010-09-01";0;0;0;0;0;0;330;330;0;0;"SAGRES"
"2010-11-01";19,7;19,7;5,8;5,8;0;0;31,4;31,4;96,9;96,9;"SAGRES"
"2005-03-01";212,7;212,7;2501,4;2501,4;0;0;9,1;9,1;9,2;9,2;"LAGOS"
"2005-04-01";5846,7;5846,7;9301,2;9301,2;0;0;84,3;84,3;353,3;353,3;"LAGOS"
"2005-05-01";5437,7;5437,7;17028,4;17028,4;0;0;444,4;444,4;277,9;277,9;"LAGOS"
"2005-06-01";5845,9;5845,9;17111,3;17111,3;0;0;40,5;40,5;165;165;"LAGOS"
"2005-07-01";11340,7;11340,7;26784;26784;0;0;1833,7;1833,7;791,8;791,8;"LAGOS"
"2005-08-01";9241,7;9241,7;23320,4;23320,4;0;0;14598,9;14598,9;178,8;178,8;"LAGOS"
"2005-09-01";4092,2;4092,2;14256,2;14256,2;0;0;35206,3;35206,3;2023,1;2023,1;"LAGOS"
"2005-10-01";521,9;521,9;1934,9;1934,9;0;0;44019,5;44019,5;2422,6;2422,6;"LAGOS"
"2005-11-01";2130,5;2130,5;16409,7;16409,7;0;0;22091,2;22091,2;5824,2;5824,2;"LAGOS"
"2005-12-01";0;0;9679,3;9679,3;0;0;1590;1590;1199,6;1199,6;"LAGOS"
"2006-01-01";22;22;10477,8;10477,8;0;0;44,8;44,8;0;0;"LAGOS"
"2006-04-01";11;11;7977,8;7977,8;0;0;53,1;53,1;299,7;299,7;"LAGOS"
"2006-06-01";7817,3;7817,3;19796,5;19796,5;0;0;3594;3594;182,4;182,4;"LAGOS"
"2006-07-01";8059,8;8059,8;28769,3;28769,3;0;0;8610,8;8610,8;1151,6;1151,6;"LAGOS"
"2006-08-01";12633,9;12633,9;24388,7;24388,7;0;0;16837,8;16837,8;288,1;288,1;"LAGOS"
"2006-09-01";2279,6;2279,6;10663,2;10663,2;0;0;7799;7799;1084,5;1084,5;"LAGOS"
"2006-10-01";64,2;64,2;2413,3;2413,3;0;0;5412,4;5412,4;1515,1;1515,1;"LAGOS"
"2006-11-01";54,4;54,4;2210,3;2210,3;0;0;267,5;267,5;4008,9;4008,9;"LAGOS"
"2006-12-01";60,5;60,5;1418;1418;0;0;381,8;381,8;2894,7;2894,7;"LAGOS"
"2007-01-01";0;0;12327,9;12327,9;0;0;134;134;3760,2;3760,2;"LAGOS"
"2007-02-01";0;0;1635,1;1635,1;0;0;60,2;60,2;4116,2;4116,2;"LAGOS"
"2007-06-01";7326,2;7326,2;6482,3;6482,3;0;0;8;8;1232,7;1232,7;"LAGOS"
"2007-08-01";14021,2;14021,2;14980;14980;0;0;425,4;425,4;1911;1911;"LAGOS"
"2007-09-01";4039,4;4039,4;5801,4;5801,4;0;0;1800,5;1800,5;2541,9;2541,9;"LAGOS"
"2007-10-01";4641,5;4641,5;7473;7473;0;0;1424;1424;1627,1;1627,1;"LAGOS"
"2007-11-01";6158;6158;6417,1;6417,1;0;0;1372,8;1372,8;493,2;493,2;"LAGOS"
"2007-12-01";119,6;119,6;4190,8;4190,8;0;0;2259,3;2259,3;1620,1;1620,1;"LAGOS"
"2008-01-01";1401,5;1401,5;7946,2;7946,2;0;0;92,2;92,2;2225,1;2225,1;"LAGOS"
"2008-03-01";0;0;407;407;0;0;329,7;329,7;0;0;"LAGOS"
"2008-05-01";1033;1033;7169;7169;0;0;9,8;9,8;510,8;510,8;"LAGOS"
"2008-06-01";7015,8;7015,8;8846,7;8846,7;0;0;158,1;158,1;316,8;316,8;"LAGOS"
"2008-08-01";5317,4;5317,4;19974,6;19974,6;0;0;147,4;147,4;311,5;311,5;"LAGOS"
"2008-09-01";2195,3;2195,3;8744,4;8744,4;0;0;1061,2;1061,2;976,9;976,9;"LAGOS"
"2008-10-01";156,4;156,4;4530,8;4530,8;0;0;5354,8;5354,8;3565,8;3565,8;"LAGOS"
"2008-11-01";436,1;436,1;1195,6;1195,6;0;0;92,6;92,6;39,1;39,1;"LAGOS"
"2009-01-01";0;0;8028,3;8028,3;0;0;66,1;66,1;1993;1993;"LAGOS"
"2009-02-01";2278;2278;4715,6;4715,6;0;0;580;580;2311,7;2311,7;"LAGOS"
"2009-07-01";497,6;497,6;3941,9;3941,9;0;0;1478,3;1478,3;292;292;"LAGOS"
"2009-08-01";0;0;8324,1;8324,1;0;0;809,7;809,7;902;902;"LAGOS"
"2009-09-01";691;691;4421,4;4421,4;0;0;3413,3;3413,3;1324,3;1324,3;"LAGOS"
"2009-10-01";1272,1;1272,1;3417,6;3417,6;0;0;5198,9;5198,9;463,4;463,4;"LAGOS"
"2009-11-01";0;0;14542,1;14542,1;0;0;2296,8;2296,8;2466,8;2466,8;"LAGOS"
"2009-12-01";238;238;5774,8;5774,8;0;0;1075,3;1075,3;155,9;155,9;"LAGOS"
"2010-01-01";748,3;748,3;1343,8;1343,8;0;0;1083,6;1083,6;2421,3;2421,3;"LAGOS"
"2010-02-01";1971,3;1971,3;767,4;767,4;0;0;578,8;578,8;4,8;4,8;"LAGOS"
"2010-03-01";1053,1;1053,1;4245;4245;0;0;422,4;422,4;185,3;185,3;"LAGOS"
"2010-07-01";3607,7;3607,7;4959,9;4959,9;0;0;63,3;63,3;102,9;102,9;"LAGOS"
"2010-08-01";2927,1;2927,1;5809;5809;0;0;181,3;181,3;66,7;66,7;"LAGOS"
"2010-09-01";2149,2;2149,2;3377,4;3377,4;0;0;5838,8;5838,8;745,6;745,6;"LAGOS"
"2010-10-01";1725;1725;9949;9949;0;0;903;903;86,9;86,9;"LAGOS"
"2010-11-01";1694,9;1694,9;721,4;721,4;0;0;2140,3;2140,3;153,9;153,9;"LAGOS"
"2005-07-01";67800;67800;178793;178793;0;0;5288,9;5288,9;2589,1;2589,1;"PORTIMAO"
"2005-08-01";130558;130558;159564;159564;0;0;29377,4;29377,4;2462,5;2462,5;"PORTIMAO"
"2005-09-01";169388;169388;192052;192052;0;0;100810;100810;18173,3;18173,3;"PORTIMAO"
"2005-10-01";90050;90050;70850;70850;0;0;59784,5;59784,5;5024,6;5024,6;"PORTIMAO"
"2005-11-01";75500;75500;313300;313300;0;0;33031,5;33031,5;2494;2494;"PORTIMAO"
"2005-12-01";55400;55400;175600;175600;0;0;150;150;4964;4964;"PORTIMAO"
"2006-01-01";43900;43900;249400;249400;0;0;1200;1200;1381,7;1381,7;"PORTIMAO"
"2006-06-01";53340;53340;237622;237622;0;0;2359;2359;1569;1569;"PORTIMAO"
"2006-07-01";51827;51827;294753;294753;0;0;3618,5;3618,5;4590,5;4590,5;"PORTIMAO"
"2006-08-01";124060;124060;189550;189550;0;0;40644;40644;466;466;"PORTIMAO"
"2006-09-01";158663;158663;244097;244097;0;0;14649,5;14649,5;1545;1545;"PORTIMAO"
"2006-10-01";96700;96700;276521,4;276521,4;0;0;1605;1605;15378;15378;"PORTIMAO"
"2006-11-01";14200;14200;267800;267800;0;0;140;140;600;600;"PORTIMAO"
"2006-12-01";9174,9;9174,9;101100;101100;0;0;103,4;103,4;1338,4;1338,4;"PORTIMAO"
"2007-07-01";42625;42625;121703,5;121703,5;0;0;1434;1434;10341,7;10341,7;"PORTIMAO"
"2007-08-01";134105;134105;178528;178528;0;0;8129,9;8129,9;20008,5;20008,5;"PORTIMAO"
"2007-10-01";166993;166993;148402,7;148402,7;0;0;23534,9;23534,9;10747;10747;"PORTIMAO"
"2007-11-01";54692;54692;136482;136482;0;0;4437;4437;1808,7;1808,7;"PORTIMAO"
"2007-12-01";5577;5577;54606;54606;0;0;10877;10877;162,1;162,1;"PORTIMAO"
"2008-01-01";18850;18850;124935;124935;0;0;521;521;3688,4;3688,4;"PORTIMAO"
"2008-07-01";141753;141753;279738;279738;0;0;47,5;47,5;439,8;439,8;"PORTIMAO"
"2008-08-01";171303;171303;226407;226407;0;0;203;203;1530,3;1530,3;"PORTIMAO"
"2008-11-01";172700;172700;99550;99550;0;0;276;276;216;216;"PORTIMAO"
"2009-07-01";197020;197020;179937;179937;0;0;6029;6029;4483;4483;"PORTIMAO"
"2009-09-01";200827,5;200827,5;47047,5;47047,5;0;0;35876,1;35876,1;5259,9;5259,9;"PORTIMAO"
"2009-11-01";183150;183150;298733;298733;0;0;33337;33337;3870;3870;"PORTIMAO"
"2009-12-01";73100;73100;123068;123068;0;0;1270,5;1270,5;358;358;"PORTIMAO"
"2010-01-01";46430;46430;105200;105200;0;0;13692;13692;1283,6;1283,6;"PORTIMAO"
"2010-02-01";25500;25500;11940;11940;0;0;571;571;156;156;"PORTIMAO"
"2010-09-01";413200;413200;145013;145013;0;0;33279;33279;151,9;151,9;"PORTIMAO"
"2010-10-01";124230;124230;169715;169715;0;0;23616;23616;3097;3097;"PORTIMAO"
"2010-11-01";26550;26550;263040;263040;0;0;7590;7590;0;0;"PORTIMAO"
"2005-01-01";372,9;372,9;58126,9;58126,9;0;0;63,2;63,2;2842,5;2842,5;"QUARTEIRA"
"2005-03-01";1087,9;1087,9;17966;17966;0;0;13,6;13,6;6697,2;6697,2;"QUARTEIRA"
"2005-04-01";3790,5;3790,5;16770;16770;0;0;17;17;9547,6;9547,6;"QUARTEIRA"
"2005-05-01";892,8;892,8;21160,4;21160,4;0;0;2031,3;2031,3;5934,9;5934,9;"QUARTEIRA"
"2005-06-01";1177,9;1177,9;54188,5;54188,5;0;0;3011,6;3011,6;9468,7;9468,7;"QUARTEIRA"
"2005-07-01";1015,8;1015,8;39341,9;39341,9;0;0;35611;35611;13997,2;13997,2;"QUARTEIRA"
"2005-08-01";805,3;805,3;51448,6;51448,6;0;0;36537,4;36537,4;9065,3;9065,3;"QUARTEIRA"
"2005-09-01";6605,1;6605,1;34617,7;34617,7;0;0;32171,3;32171,3;6270,9;6270,9;"QUARTEIRA"
"2005-10-01";991,9;991,9;16388,9;16388,9;0;0;15976,4;15976,4;2660,2;2660,2;"QUARTEIRA"
"2005-11-01";991,9;991,9;13157,5;13157,5;0;0;5008,3;5008,3;7895,7;7895,7;"QUARTEIRA"
"2005-12-01";1990,6;1990,6;3564;3564;0;0;444,2;444,2;3674,1;3674,1;"QUARTEIRA"
"2006-01-01";19,5;19,5;764,8;764,8;0;0;278,6;278,6;3424,6;3424,6;"QUARTEIRA"
"2006-02-01";64,3;64,3;168;168;0;0;716,6;716,6;11776,1;11776,1;"QUARTEIRA"
"2006-03-01";360,8;360,8;564,6;564,6;0;0;1507,1;1507,1;15719,8;15719,8;"QUARTEIRA"
"2006-04-01";2241,1;2241,1;1619,3;1619,3;0;0;7076,4;7076,4;16904,5;16904,5;"QUARTEIRA"
"2006-05-01";1261,3;1261,3;1755,5;1755,5;0;0;12961,1;12961,1;9941,7;9941,7;"QUARTEIRA"
"2006-06-01";6200,3;6200,3;12190,2;12190,2;0;0;3467,9;3467,9;5413;5413;"QUARTEIRA"
"2006-07-01";12469,7;12469,7;48651,2;48651,2;0;0;2240,3;2240,3;5755,5;5755,5;"QUARTEIRA"
"2006-08-01";879,6;879,6;38447,5;38447,5;0;0;5625,4;5625,4;2544,3;2544,3;"QUARTEIRA"
"2006-09-01";483,4;483,4;17376,7;17376,7;0;0;2788,2;2788,2;12088,3;12088,3;"QUARTEIRA"
"2006-10-01";1133,7;1133,7;3911,5;3911,5;0;0;2246,4;2246,4;10687,6;10687,6;"QUARTEIRA"
"2006-11-01";604;604;3202,1;3202,1;0;0;733,4;733,4;13194,9;13194,9;"QUARTEIRA"
"2006-12-01";4493;4493;4667,5;4667,5;0;0;186,7;186,7;4372,3;4372,3;"QUARTEIRA"
"2007-01-01";32,8;32,8;7888;7888;0;0;36,4;36,4;1022,1;1022,1;"QUARTEIRA"
"2007-02-01";74,2;74,2;3750;3750;0;0;304,2;304,2;4794,9;4794,9;"QUARTEIRA"
"2007-03-01";152,8;152,8;1168,9;1168,9;0;0;57,1;57,1;1150,9;1150,9;"QUARTEIRA"
"2007-04-01";2998,5;2998,5;5349,9;5349,9;0;0;204,5;204,5;4272,6;4272,6;"QUARTEIRA"
"2007-08-01";2626,1;2626,1;35526,9;35526,9;0;0;368,1;368,1;13565,4;13565,4;"QUARTEIRA"
"2007-09-01";1985,4;1985,4;2793,1;2793,1;0;0;3636;3636;13178,7;13178,7;"QUARTEIRA"
"2007-10-01";1588,6;1588,6;6852,5;6852,5;0;0;5908,4;5908,4;13279,2;13279,2;"QUARTEIRA"
"2007-11-01";2893,8;2893,8;745,3;745,3;0;0;3533,9;3533,9;6265,8;6265,8;"QUARTEIRA"
"2007-12-01";1301,3;1301,3;132;132;0;0;1332,7;1332,7;4343,8;4343,8;"QUARTEIRA"
"2008-01-01";0;0;351,5;351,5;0;0;5236,5;5236,5;8725;8725;"QUARTEIRA"
"2008-02-01";9,3;9,3;66,9;66,9;0;0;3,1;3,1;1667,3;1667,3;"QUARTEIRA"
"2008-03-01";735,4;735,4;1981,9;1981,9;0;0;328,7;328,7;2283,3;2283,3;"QUARTEIRA"
"2008-04-01";1238,6;1238,6;1494,4;1494,4;0;0;1014;1014;10751;10751;"QUARTEIRA"
"2008-05-01";2205,5;2205,5;24299,6;24299,6;0;0;525,3;525,3;10318,1;10318,1;"QUARTEIRA"
"2008-06-01";98,1;98,1;18732,8;18732,8;0;0;868,5;868,5;2048;2048;"QUARTEIRA"
"2008-07-01";167,4;167,4;49432,8;49432,8;0;0;2045,4;2045,4;8465,5;8465,5;"QUARTEIRA"
"2008-09-01";459,2;459,2;41681,9;41681,9;0;0;2132,5;2132,5;8106,8;8106,8;"QUARTEIRA"
"2008-10-01";1084,4;1084,4;7885;7885;0;0;1544,6;1544,6;8300;8300;"QUARTEIRA"
"2008-11-01";560,6;560,6;5561,8;5561,8;0;0;2683,6;2683,6;6056;6056;"QUARTEIRA"
"2008-12-01";0;0;539;539;0;0;141,9;141,9;1917;1917;"QUARTEIRA"
"2009-01-01";0;0;273;273;0;0;1507,7;1507,7;12968,1;12968,1;"QUARTEIRA"
"2009-02-01";0;0;0;0;0;0;103;103;3535,2;3535,2;"QUARTEIRA"
"2009-03-01";56,7;56,7;1961,7;1961,7;0;0;320,4;320,4;3389,4;3389,4;"QUARTEIRA"
"2009-04-01";1270,6;1270,6;3495,1;3495,1;0;0;2232,3;2232,3;7548,1;7548,1;"QUARTEIRA"
"2009-05-01";795,5;795,5;24941,5;24941,5;0;0;4021,8;4021,8;6127;6127;"QUARTEIRA"
"2009-06-01";106,3;106,3;47679,3;47679,3;0;0;1071,3;1071,3;14532,2;14532,2;"QUARTEIRA"
"2009-07-01";377,4;377,4;46485,7;46485,7;0;0;5035,9;5035,9;14177,9;14177,9;"QUARTEIRA"
"2009-08-01";729,2;729,2;17758,7;17758,7;0;0;9449,1;9449,1;15078,8;15078,8;"QUARTEIRA"
"2009-09-01";1240,4;1240,4;6121,8;6121,8;0;0;6959,4;6959,4;16201,7;16201,7;"QUARTEIRA"
"2009-10-01";1541;1541;3330,4;3330,4;0;0;3532,9;3532,9;12701;12701;"QUARTEIRA"
"2009-11-01";2224,1;2224,1;570,8;570,8;0;0;1081,5;1081,5;13623,1;13623,1;"QUARTEIRA"
"2009-12-01";199,7;199,7;7714;7714;0;0;2799,7;2799,7;10673,9;10673,9;"QUARTEIRA"
"2010-01-01";133,5;133,5;7;7;0;0;3185,8;3185,8;12453,5;12453,5;"QUARTEIRA"
"2010-02-01";285;285;586,3;586,3;0;0;2410,6;2410,6;5911,5;5911,5;"QUARTEIRA"
"2010-03-01";1308,3;1308,3;1514,7;1514,7;0;0;1172,6;1172,6;4595,1;4595,1;"QUARTEIRA"
"2010-04-01";3315,7;3315,7;1385;1385;0;0;2843,7;2843,7;22152,5;22152,5;"QUARTEIRA"
"2010-05-01";1418,4;1418,4;8638,1;8638,1;0;0;743,4;743,4;12990;12990;"QUARTEIRA"
"2010-07-01";924,9;924,9;60934,3;60934,3;0;0;1355,5;1355,5;4932,7;4932,7;"QUARTEIRA"
"2010-08-01";542,9;542,9;42906,3;42906,3;0;0;4408,1;4408,1;9840,2;9840,2;"QUARTEIRA"
"2010-09-01";652,7;652,7;19159,7;19159,7;0;0;848,3;848,3;36833,3;36833,3;"QUARTEIRA"
"2010-10-01";1173,8;1173,8;4658,1;4658,1;0;0;1112,2;1112,2;13896,3;13896,3;"QUARTEIRA"
"2010-11-01";2099,9;2099,9;1783,1;1783,1;0;0;854,6;854,6;7262,9;7262,9;"QUARTEIRA"
"2010-12-01";118,9;118,9;0;0;0;0;1989,7;1989,7;4973;4973;"QUARTEIRA"
"2005-05-01";54038;54038;126405;126405;0;0;3882;3882;1338,5;1338,5;"OLHAO"
"2005-06-01";15207;15207;229796;229796;0;0;6484,5;6484,5;4727,3;4727,3;"OLHAO"
"2005-07-01";53075,9;53075,9;190934;190934;0;0;53259,5;53259,5;3250;3250;"OLHAO"
"2005-08-01";28474,5;28474,5;207725,5;207725,5;0;0;43125,1;43125,1;6984;6984;"OLHAO"
"2005-09-01";219942,7;219942,7;113434;113434;0;0;43072,5;43072,5;9727,2;9727,2;"OLHAO"
"2005-10-01";162137;162137;100756;100756;0;0;2517;2517;1240,5;1240,5;"OLHAO"
"2005-11-01";343713;343713;128148;128148;0;0;1054,1;1054,1;4401,2;4401,2;"OLHAO"
"2005-12-01";87278;87278;86925;86925;0;0;352;352;1767,9;1767,9;"OLHAO"
"2006-04-01";109560;109560;51994;51994;0;0;31439,3;31439,3;7021,1;7021,1;"OLHAO"
"2006-07-01";12632;12632;104642;104642;0;0;5180,7;5180,7;3877,3;3877,3;"OLHAO"
"2006-09-01";288659;288659;206430;206430;0;0;10719,5;10719,5;15994,8;15994,8;"OLHAO"
"2006-11-01";202065,3;202065,3;145959;145959;0;0;141,5;141,5;3043,5;3043,5;"OLHAO"
"2007-02-01";9500;9500;60410;60410;0;0;24;24;91,6;91,6;"OLHAO"
"2007-08-01";347146;347146;109241;109241;0;0;5108,7;5108,7;49752,8;49752,8;"OLHAO"
"2007-10-01";727314;727314;86423;86423;0;0;90;90;14086,5;14086,5;"OLHAO"
"2007-11-01";229790,3;229790,3;249364;249364;0;0;2309,8;2309,8;13935,9;13935,9;"OLHAO"
"2007-12-01";71257;71257;99806;99806;0;0;3115;3115;7244,8;7244,8;"OLHAO"
"2008-04-01";316692;316692;18626;18626;0;0;271;271;5392,6;5392,6;"OLHAO"
"2008-05-01";279566;279566;45711;45711;0;0;388;388;8953,2;8953,2;"OLHAO"
"2008-06-01";119723;119723;29460;29460;0;0;1091,5;1091,5;25172,9;25172,9;"OLHAO"
"2008-07-01";358310;358310;71805;71805;0;0;4330;4330;42823;42823;"OLHAO"
"2008-08-01";472436;472436;15640;15640;0;0;1479;1479;27918,4;27918,4;"OLHAO"
"2008-09-01";588964;588964;24122;24122;0;0;1216;1216;22361,4;22361,4;"OLHAO"
"2008-10-01";443656;443656;167983;167983;0;0;663;663;31674,2;31674,2;"OLHAO"
"2009-01-01";43000;43000;139037;139037;0;0;1715,5;1715,5;2394,9;2394,9;"OLHAO"
"2009-09-01";946984;946984;13450;13450;0;0;9660,5;9660,5;27715,3;27715,3;"OLHAO"
"2009-11-01";271064;271064;145204;145204;0;0;2022;2022;19795,4;19795,4;"OLHAO"
"2010-01-01";257000;257000;20951;20951;0;0;25,1;25,1;3001,5;3001,5;"OLHAO"
"2010-02-01";286580;286580;87852;87852;0;0;912;912;2138,6;2138,6;"OLHAO"
"2010-03-01";53610;53610;60377;60377;0;0;348,3;348,3;1169,6;1169,6;"OLHAO"
"2010-04-01";51515;51515;118426;118426;0;0;2162;2162;2760,3;2760,3;"OLHAO"
"2010-05-01";129490;129490;156918;156918;0;0;6094;6094;7478,8;7478,8;"OLHAO"
"2010-06-01";279943;279943;42888;42888;0;0;13986;13986;15296,2;15296,2;"OLHAO"
"2010-08-01";618055;618055;169442;169442;0;0;21463;21463;31172,4;31172,4;"OLHAO"
"2010-09-01";487477;487477;68426;68426;0;0;3813,4;3813,4;9444,1;9444,1;"OLHAO"
"2010-10-01";543660;543660;72377;72377;0;0;461,5;461,5;16699,9;16699,9;"OLHAO"
"2010-11-01";275329;275329;109740;109740;0;0;870,5;870,5;6886,2;6886,2;"OLHAO"
"2010-12-01";67270;67270;18397;18397;0;0;21;21;3406,6;3406,6;"OLHAO"
"2005-07-01";0;0;225;225;0;0;0;0;0;0;"VIANA DO CASTELO"
"2005-08-01";0;0;1867,5;1867,5;0;0;0;0;17;17;"VIANA DO CASTELO"
"2006-06-01";0;0;7875;7875;0;0;0;0;0;0;"VIANA DO CASTELO"
"2006-07-01";0;0;4050;4050;0;0;0;0;0;0;"VIANA DO CASTELO"
"2009-07-01";0;0;280;280;0;0;0;0;0;0;"VIANA DO CASTELO"
"2010-07-01";0;0;3015;3015;0;0;0;0;0;0;"VIANA DO CASTELO"
"2010-09-01";0;0;11317,5;11317,5;0;0;0;0;164,1;164,1;"VIANA DO CASTELO"
"2005-02-01";0;0;20092,5;20092,5;0;0;0;0;7,7;7,7;"MATOSINHOS"
"2005-03-01";0;0;50827,5;50827,5;0;0;0;0;0;0;"MATOSINHOS"
"2005-04-01";22,5;22,5;662813,4;662813,4;0;0;0;0;0;0;"MATOSINHOS"
"2007-02-01";45;45;763987,5;763987,5;0;0;0;0;330,4;330,4;"MATOSINHOS"
"2008-12-01";37822,5;37822,5;1028205;1028205;0;0;0;0;0;0;"MATOSINHOS"
"2009-02-01";23062,5;23062,5;543397,5;543397,5;0;0;0;0;0;0;"MATOSINHOS"
"2009-03-01";0;0;3285;3285;0;0;0;0;0;0;"MATOSINHOS"
"2010-02-01";26617,5;26617,5;899437,5;899437,5;0;0;0;0;0;0;"MATOSINHOS"
"2005-02-01";0;0;7425;7425;0;0;0;0;0;0;"AVEIRO"
"2005-04-01";0;0;42930;42930;0;0;0;0;0;0;"AVEIRO"
"2005-05-01";0;0;3352,5;3352,5;0;0;0;0;0;0;"AVEIRO"
"2005-06-01";18,2;18,2;9630;9630;0;0;0;0;50,9;50,9;"AVEIRO"
"2005-08-01";0;0;3735;3735;0;0;0;0;0;0;"AVEIRO"
"2005-09-01";270;270;176805;176805;0;0;0;0;0;0;"AVEIRO"
"2005-10-01";337,5;337,5;251437,5;251437,5;0;0;0;0;130,4;130,4;"AVEIRO"
"2006-03-01";0;0;1350;1350;0;0;0;0;0;0;"AVEIRO"
"2006-04-01";0;0;9495;9495;0;0;0;0;0;0;"AVEIRO"
"2006-05-01";0;0;6435;6435;0;0;0;0;0;0;"AVEIRO"
"2006-07-01";0;0;8685;8685;0;0;0;0;0;0;"AVEIRO"
"2006-09-01";0;0;540;540;0;0;0;0;0;0;"AVEIRO"
"2006-12-01";67,7;67,7;120060;120060;0;0;0;0;0;0;"AVEIRO"
"2007-01-01";0;0;30937,5;30937,5;0;0;0;0;0;0;"AVEIRO"
"2007-05-01";0;0;24525;24525;0;0;0;0;0;0;"AVEIRO"
"2008-05-01";4251,5;4251,5;124920;124920;0;0;0;0;227,8;227,8;"AVEIRO"
"2008-06-01";0;0;54540;54540;0;0;0;0;4,6;4,6;"AVEIRO"
"2008-08-01";5130;5130;75352,5;75352,5;0;0;0;0;0;0;"AVEIRO"
"2009-02-01";3375;3375;4275;4275;0;0;0;0;0;0;"AVEIRO"
"2009-08-01";7785;7785;80527,5;80527,5;0;0;0;0;25,2;25,2;"AVEIRO"
"2009-12-01";0;0;6367,5;6367,5;0;0;0;0;0;0;"AVEIRO"
"2010-01-01";0;0;94950;94950;0;0;0;0;93,8;93,8;"AVEIRO"
"2010-02-01";0;0;108607,5;108607,5;0;0;0;0;0;0;"AVEIRO"
"2010-11-01";0;0;219113,5;219113,5;0;0;0;0;262,1;262,1;"AVEIRO"
"2005-04-01";0;0;251685;251685;0;0;0;0;91,5;91,5;"FIGUEIRA DA FOZ"
"2005-05-01";0;0;404280;404280;0;0;0;0;7,6;7,6;"FIGUEIRA DA FOZ"
"2005-10-01";25560;25560;856212;856212;0;0;0;0;1840;1840;"FIGUEIRA DA FOZ"
"2006-12-01";25425;25425;561105;561105;0;0;0;0;29,9;29,9;"FIGUEIRA DA FOZ"
"2007-01-01";810;810;331560;331560;0;0;0;0;5,9;5,9;"FIGUEIRA DA FOZ"
"2007-06-01";11970;11970;497660,1;497660,1;0;0;0;0;90;90;"FIGUEIRA DA FOZ"
"2008-04-01";5400;5400;363735;363735;0;0;0;0;0;0;"FIGUEIRA DA FOZ"
"2009-12-01";0;0;360202,5;360202,5;0;0;0;0;0;0;"FIGUEIRA DA FOZ"
"2010-02-01";0;0;265882,5;265882,5;0;0;0;0;81,6;81,6;"FIGUEIRA DA FOZ"
"2010-03-01";0;0;154530;154530;0;0;0;0;0;0;"FIGUEIRA DA FOZ"
"2005-10-01";76050;76050;1311502,5;1311502,5;0;0;0;0;5742,7;5742,7;"PENICHE"
"2006-04-01";3025,9;3025,9;351337,5;351337,5;0;0;0;0;5149,7;5149,7;"PENICHE"
"2008-11-01";3960;3960;930976,2;930976,2;0;0;0;0;3207,2;3207,2;"PENICHE"
"2010-02-01";20947,5;20947,5;396472,5;396472,5;0;0;0;0;13192,2;13192,2;"PENICHE"
"2010-05-01";3980;3980;323983,5;323983,5;0;0;0;0;1322,6;1322,6;"SESIMBRA"
"2006-06-01";0;0;8500;8500;0;0;0;0;0;0;"SAGRES"
"2009-08-01";0;0;3500;3500;0;0;0;0;0;0;"SAGRES"
"2010-07-01";0;0;4500;4500;0;0;0;0;167,4;167,4;"SAGRES"
"2005-01-01";0;0;10754,2;10754,2;0;0;0;0;0;0;"LAGOS"
"2005-02-01";334,8;334,8;5478,9;5478,9;0;0;0;0;0;0;"LAGOS"
"2006-02-01";0;0;3366,9;3366,9;0;0;0;0;0;0;"LAGOS"
"2006-03-01";0;0;603,2;603,2;0;0;0;0;0;0;"LAGOS"
"2006-05-01";4406,5;4406,5;19594,9;19594,9;0;0;0;0;59,3;59,3;"LAGOS"
"2007-05-01";2989,3;2989,3;8457,6;8457,6;0;0;0;0;40,7;40,7;"LAGOS"
"2007-07-01";6934,2;6934,2;9305,7;9305,7;0;0;0;0;1100,4;1100,4;"LAGOS"
"2008-02-01";311,4;311,4;4262,5;4262,5;0;0;0;0;813,8;813,8;"LAGOS"
"2008-07-01";1443;1443;17657,9;17657,9;0;0;0;0;51,3;51,3;"LAGOS"
"2009-04-01";0;0;2371,8;2371,8;0;0;0;0;6,6;6,6;"LAGOS"
"2009-05-01";519;519;7458,6;7458,6;0;0;0;0;181,3;181,3;"LAGOS"
"2009-06-01";735,3;735,3;8904,2;8904,2;0;0;0;0;0;0;"LAGOS"
"2010-05-01";7126,5;7126,5;12103,1;12103,1;0;0;0;0;218;218;"LAGOS"
"2010-06-01";2990;2990;7140;7140;0;0;0;0;35,8;35,8;"LAGOS"
"2005-01-01";22500;22500;475650;475650;0;0;0;0;1604,9;1604,9;"PORTIMAO"
"2005-02-01";45500;45500;332950;332950;0;0;0;0;1123,4;1123,4;"PORTIMAO"
"2005-03-01";11500;11500;182000;182000;0;0;0;0;1273,6;1273,6;"PORTIMAO"
"2005-04-01";48000;48000;322600;322600;0;0;0;0;2936,4;2936,4;"PORTIMAO"
"2005-05-01";7000;7000;294934;294934;0;0;0;0;2294,5;2294,5;"PORTIMAO"
"2005-06-01";0;0;404083;404083;0;0;0;0;3664;3664;"PORTIMAO"
"2006-02-01";0;0;184400;184400;0;0;0;0;152,9;152,9;"PORTIMAO"
"2006-03-01";0;0;122300;122300;0;0;0;0;56,9;56,9;"PORTIMAO"
"2006-04-01";0;0;124350;124350;0;0;0;0;3500;3500;"PORTIMAO"
"2006-05-01";32200;32200;237810;237810;0;0;0;0;1400;1400;"PORTIMAO"
"2007-01-01";5000;5000;115600;115600;0;0;0;0;77,8;77,8;"PORTIMAO"
"2007-02-01";0;0;124100;124100;0;0;0;0;0;0;"PORTIMAO"
"2007-03-01";4000;4000;84885;84885;0;0;0;0;0;0;"PORTIMAO"
"2007-04-01";22400;22400;105120;105120;0;0;0;0;2700;2700;"PORTIMAO"
"2007-06-01";47638;47638;138433;138433;0;0;0;0;17194;17194;"PORTIMAO"
"2008-02-01";31380;31380;88600;88600;0;0;0;0;0;0;"PORTIMAO"
"2008-03-01";3440;3440;45670;45670;0;0;0;0;0;0;"PORTIMAO"
"2008-04-01";21000;21000;66930;66930;0;0;0;0;4932,5;4932,5;"PORTIMAO"
"2008-06-01";73289;73289;111038;111038;0;0;0;0;466,7;466,7;"PORTIMAO"
"2008-09-01";754500;754500;53867;53867;0;0;0;0;3970,5;3970,5;"PORTIMAO"
"2008-10-01";219550;219550;160580;160580;0;0;0;0;81,6;81,6;"PORTIMAO"
"2008-12-01";110100;110100;46850;46850;0;0;0;0;2400;2400;"PORTIMAO"
"2009-01-01";0;0;204920;204920;0;0;0;0;0;0;"PORTIMAO"
"2009-02-01";52800;52800;66960;66960;0;0;0;0;0;0;"PORTIMAO"
"2009-04-01";0;0;61920;61920;0;0;0;0;0;0;"PORTIMAO"
"2009-05-01";602;602;115392;115392;0;0;0;0;498;498;"PORTIMAO"
"2009-06-01";10700;10700;337326;337326;0;0;0;0;1032,6;1032,6;"PORTIMAO"
"2010-03-01";0;0;1912;1912;0;0;0;0;0;0;"PORTIMAO"
"2010-04-01";0;0;30100;30100;0;0;0;0;0;0;"PORTIMAO"
"2010-05-01";3850;3850;280000;280000;0;0;0;0;78,3;78,3;"PORTIMAO"
"2010-12-01";0;0;123180;123180;0;0;0;0;0;0;"PORTIMAO"
"2005-02-01";81;81;11941;11941;0;0;0;0;4790,8;4790,8;"QUARTEIRA"
"2006-12-01";51810;51810;55400;55400;0;0;0;0;86,9;86,9;"OLHAO"
"2007-01-01";73500;73500;74750;74750;0;0;0;0;139;139;"OLHAO"
"2009-12-01";166200;166200;55770;55770;0;0;0;0;0;0;"OLHAO"
"2005-12-01";8000;8000;0;0;0;0;0;0;0;0;"SAGRES"
"2009-03-01";16100;16100;0;0;0;0;0;0;0;0;"PORTIMAO"
"2005-02-01";0;0;0;0;0;0;0;0;13,7;13,7;"VIANA DO CASTELO"
"2005-03-01";0;0;0;0;0;0;0;0;17,7;17,7;"VIANA DO CASTELO"
"2005-04-01";0;0;0;0;0;0;0;0;1,5;1,5;"VIANA DO CASTELO"
"2005-05-01";0;0;0;0;0;0;0;0;2,8;2,8;"VIANA DO CASTELO"
"2005-06-01";0;0;0;0;0;0;0;0;23,1;23,1;"VIANA DO CASTELO"
"2005-10-01";0;0;0;0;0;0;0;0;38,4;38,4;"VIANA DO CASTELO"
"2005-12-01";0;0;0;0;0;0;0;0;101,2;101,2;"VIANA DO CASTELO"
"2006-02-01";0;0;0;0;0;0;0;0;56,5;56,5;"VIANA DO CASTELO"
"2006-03-01";0;0;0;0;0;0;0;0;40,6;40,6;"VIANA DO CASTELO"
"2005-01-01";0;0;0;0;0;0;0;0;3124,9;3124,9;"SAGRES"
"2005-02-01";0;0;0;0;0;0;0;0;2089,8;2089,8;"SAGRES"
"2005-03-01";0;0;0;0;0;0;0;0;1487,1;1487,1;"SAGRES"
"2005-04-01";0;0;0;0;0;0;0;0;143,3;143,3;"SAGRES"
"2007-09-01";0;0;0;0;0;0;0;0;67,8;67,8;"SAGRES"
"2007-11-01";0;0;0;0;0;0;0;0;20,2;20,2;"SAGRES"
"2008-01-01";0;0;0;0;0;0;0;0;2638,4;2638,4;"SAGRES"
"2008-11-01";0;0;0;0;0;0;0;0;5,2;5,2;"SAGRES"
"2009-10-01";0;0;0;0;0;0;0;0;18,7;18,7;"SAGRES"
"2009-12-01";0;0;0;0;0;0;0;0;7;7;"SAGRES"
"2005-01-01";0;NA;0;NA;0;NA;0;NA;0;NA;"VIANA DO CASTELO"
"2006-04-01";0;NA;0;NA;0;NA;0;NA;0;NA;"VIANA DO CASTELO"
"2006-05-01";0;NA;0;NA;0;NA;0;NA;0;NA;"VIANA DO CASTELO"
"2006-08-01";0;NA;0;NA;0;NA;0;NA;0;NA;"VIANA DO CASTELO"
"2006-09-01";0;NA;0;NA;0;NA;0;NA;0;NA;"VIANA DO CASTELO"
"2006-10-01";0;NA;0;NA;0;NA;0;NA;0;NA;"VIANA DO CASTELO"
"2006-11-01";0;NA;0;NA;0;NA;0;NA;0;NA;"VIANA DO CASTELO"
"2006-12-01";0;NA;0;NA;0;NA;0;NA;0;NA;"VIANA DO CASTELO"
"2007-01-01";0;NA;0;NA;0;NA;0;NA;0;NA;"VIANA DO CASTELO"
"2007-02-01";0;NA;0;NA;0;NA;0;NA;0;NA;"VIANA DO CASTELO"
"2007-03-01";0;NA;0;NA;0;NA;0;NA;0;NA;"VIANA DO CASTELO"
"2007-04-01";0;NA;0;NA;0;NA;0;NA;0;NA;"VIANA DO CASTELO"
"2007-05-01";0;NA;0;NA;0;NA;0;NA;0;NA;"VIANA DO CASTELO"
"2007-06-01";0;NA;0;NA;0;NA;0;NA;0;NA;"VIANA DO CASTELO"
"2007-07-01";0;NA;0;NA;0;NA;0;NA;0;NA;"VIANA DO CASTELO"
"2007-08-01";0;NA;0;NA;0;NA;0;NA;0;NA;"VIANA DO CASTELO"
"2007-09-01";0;NA;0;NA;0;NA;0;NA;0;NA;"VIANA DO CASTELO"
"2007-10-01";0;NA;0;NA;0;NA;0;NA;0;NA;"VIANA DO CASTELO"
"2007-11-01";0;NA;0;NA;0;NA;0;NA;0;NA;"VIANA DO CASTELO"
"2007-12-01";0;NA;0;NA;0;NA;0;NA;0;NA;"VIANA DO CASTELO"
"2008-01-01";0;NA;0;NA;0;NA;0;NA;0;NA;"VIANA DO CASTELO"
"2008-02-01";0;NA;0;NA;0;NA;0;NA;0;NA;"VIANA DO CASTELO"
"2008-03-01";0;NA;0;NA;0;NA;0;NA;0;NA;"VIANA DO CASTELO"
"2008-04-01";0;NA;0;NA;0;NA;0;NA;0;NA;"VIANA DO CASTELO"
"2008-05-01";0;NA;0;NA;0;NA;0;NA;0;NA;"VIANA DO CASTELO"
"2008-06-01";0;NA;0;NA;0;NA;0;NA;0;NA;"VIANA DO CASTELO"
"2008-07-01";0;NA;0;NA;0;NA;0;NA;0;NA;"VIANA DO CASTELO"
"2008-08-01";0;NA;0;NA;0;NA;0;NA;0;NA;"VIANA DO CASTELO"
"2008-09-01";0;NA;0;NA;0;NA;0;NA;0;NA;"VIANA DO CASTELO"
"2008-10-01";0;NA;0;NA;0;NA;0;NA;0;NA;"VIANA DO CASTELO"
"2008-11-01";0;NA;0;NA;0;NA;0;NA;0;NA;"VIANA DO CASTELO"
"2008-12-01";0;NA;0;NA;0;NA;0;NA;0;NA;"VIANA DO CASTELO"
"2009-01-01";0;NA;0;NA;0;NA;0;NA;0;NA;"VIANA DO CASTELO"
"2009-02-01";0;NA;0;NA;0;NA;0;NA;0;NA;"VIANA DO CASTELO"
"2009-03-01";0;NA;0;NA;0;NA;0;NA;0;NA;"VIANA DO CASTELO"
"2009-04-01";0;NA;0;NA;0;NA;0;NA;0;NA;"VIANA DO CASTELO"
"2009-05-01";0;NA;0;NA;0;NA;0;NA;0;NA;"VIANA DO CASTELO"
"2009-06-01";0;NA;0;NA;0;NA;0;NA;0;NA;"VIANA DO CASTELO"
"2009-08-01";0;NA;0;NA;0;NA;0;NA;0;NA;"VIANA DO CASTELO"
"2009-09-01";0;NA;0;NA;0;NA;0;NA;0;NA;"VIANA DO CASTELO"
"2009-10-01";0;NA;0;NA;0;NA;0;NA;0;NA;"VIANA DO CASTELO"
"2009-11-01";0;NA;0;NA;0;NA;0;NA;0;NA;"VIANA DO CASTELO"
"2009-12-01";0;NA;0;NA;0;NA;0;NA;0;NA;"VIANA DO CASTELO"
"2010-01-01";0;NA;0;NA;0;NA;0;NA;0;NA;"VIANA DO CASTELO"
"2010-02-01";0;NA;0;NA;0;NA;0;NA;0;NA;"VIANA DO CASTELO"
"2010-03-01";0;NA;0;NA;0;NA;0;NA;0;NA;"VIANA DO CASTELO"
"2010-04-01";0;NA;0;NA;0;NA;0;NA;0;NA;"VIANA DO CASTELO"
"2010-05-01";0;NA;0;NA;0;NA;0;NA;0;NA;"VIANA DO CASTELO"
"2010-06-01";0;NA;0;NA;0;NA;0;NA;0;NA;"VIANA DO CASTELO"
"2010-08-01";0;NA;0;NA;0;NA;0;NA;0;NA;"VIANA DO CASTELO"
"2010-10-01";0;NA;0;NA;0;NA;0;NA;0;NA;"VIANA DO CASTELO"
"2010-11-01";0;NA;0;NA;0;NA;0;NA;0;NA;"VIANA DO CASTELO"
"2010-12-01";0;NA;0;NA;0;NA;0;NA;0;NA;"VIANA DO CASTELO"
"2005-03-01";0;NA;0;NA;0;NA;0;NA;0;NA;"AVEIRO"
"2006-06-01";0;NA;0;NA;0;NA;0;NA;0;NA;"AVEIRO"
"2006-08-01";0;NA;0;NA;0;NA;0;NA;0;NA;"AVEIRO"
"2007-02-01";0;NA;0;NA;0;NA;0;NA;0;NA;"AVEIRO"
"2007-03-01";0;NA;0;NA;0;NA;0;NA;0;NA;"AVEIRO"
"2007-04-01";0;NA;0;NA;0;NA;0;NA;0;NA;"AVEIRO"
"2007-06-01";0;NA;0;NA;0;NA;0;NA;0;NA;"AVEIRO"
"2008-03-01";0;NA;0;NA;0;NA;0;NA;0;NA;"AVEIRO"
"2008-04-01";0;NA;0;NA;0;NA;0;NA;0;NA;"AVEIRO"
"2005-02-01";0;NA;0;NA;0;NA;0;NA;0;NA;"FIGUEIRA DA FOZ"
"2005-03-01";0;NA;0;NA;0;NA;0;NA;0;NA;"FIGUEIRA DA FOZ"
"2006-02-01";0;NA;0;NA;0;NA;0;NA;0;NA;"FIGUEIRA DA FOZ"
"2006-03-01";0;NA;0;NA;0;NA;0;NA;0;NA;"FIGUEIRA DA FOZ"
"2007-02-01";0;NA;0;NA;0;NA;0;NA;0;NA;"FIGUEIRA DA FOZ"
"2007-03-01";0;NA;0;NA;0;NA;0;NA;0;NA;"FIGUEIRA DA FOZ"
"2008-02-01";0;NA;0;NA;0;NA;0;NA;0;NA;"FIGUEIRA DA FOZ"
"2008-03-01";0;NA;0;NA;0;NA;0;NA;0;NA;"FIGUEIRA DA FOZ"
"2005-05-01";0;NA;0;NA;0;NA;0;NA;0;NA;"SAGRES"
"2005-06-01";0;NA;0;NA;0;NA;0;NA;0;NA;"SAGRES"
"2006-01-01";0;NA;0;NA;0;NA;0;NA;0;NA;"SAGRES"
"2006-02-01";0;NA;0;NA;0;NA;0;NA;0;NA;"SAGRES"
"2006-03-01";0;NA;0;NA;0;NA;0;NA;0;NA;"SAGRES"
"2006-04-01";0;NA;0;NA;0;NA;0;NA;0;NA;"SAGRES"
"2006-05-01";0;NA;0;NA;0;NA;0;NA;0;NA;"SAGRES"
"2006-09-01";0;NA;0;NA;0;NA;0;NA;0;NA;"SAGRES"
"2006-10-01";0;NA;0;NA;0;NA;0;NA;0;NA;"SAGRES"
"2006-11-01";0;NA;0;NA;0;NA;0;NA;0;NA;"SAGRES"
"2006-12-01";0;NA;0;NA;0;NA;0;NA;0;NA;"SAGRES"
"2007-01-01";0;NA;0;NA;0;NA;0;NA;0;NA;"SAGRES"
"2007-02-01";0;NA;0;NA;0;NA;0;NA;0;NA;"SAGRES"
"2007-03-01";0;NA;0;NA;0;NA;0;NA;0;NA;"SAGRES"
"2007-04-01";0;NA;0;NA;0;NA;0;NA;0;NA;"SAGRES"
"2007-05-01";0;NA;0;NA;0;NA;0;NA;0;NA;"SAGRES"
"2007-06-01";0;NA;0;NA;0;NA;0;NA;0;NA;"SAGRES"
"2007-07-01";0;NA;0;NA;0;NA;0;NA;0;NA;"SAGRES"
"2007-08-01";0;NA;0;NA;0;NA;0;NA;0;NA;"SAGRES"
"2007-10-01";0;NA;0;NA;0;NA;0;NA;0;NA;"SAGRES"
"2007-12-01";0;NA;0;NA;0;NA;0;NA;0;NA;"SAGRES"
"2008-02-01";0;NA;0;NA;0;NA;0;NA;0;NA;"SAGRES"
"2008-03-01";0;NA;0;NA;0;NA;0;NA;0;NA;"SAGRES"
"2008-04-01";0;NA;0;NA;0;NA;0;NA;0;NA;"SAGRES"
"2008-05-01";0;NA;0;NA;0;NA;0;NA;0;NA;"SAGRES"
"2008-06-01";0;NA;0;NA;0;NA;0;NA;0;NA;"SAGRES"
"2008-07-01";0;NA;0;NA;0;NA;0;NA;0;NA;"SAGRES"
"2008-08-01";0;NA;0;NA;0;NA;0;NA;0;NA;"SAGRES"
"2008-09-01";0;NA;0;NA;0;NA;0;NA;0;NA;"SAGRES"
"2008-10-01";0;NA;0;NA;0;NA;0;NA;0;NA;"SAGRES"
"2008-12-01";0;NA;0;NA;0;NA;0;NA;0;NA;"SAGRES"
"2009-01-01";0;NA;0;NA;0;NA;0;NA;0;NA;"SAGRES"
"2009-02-01";0;NA;0;NA;0;NA;0;NA;0;NA;"SAGRES"
"2009-03-01";0;NA;0;NA;0;NA;0;NA;0;NA;"SAGRES"
"2009-04-01";0;NA;0;NA;0;NA;0;NA;0;NA;"SAGRES"
"2009-05-01";0;NA;0;NA;0;NA;0;NA;0;NA;"SAGRES"
"2009-06-01";0;NA;0;NA;0;NA;0;NA;0;NA;"SAGRES"
"2009-07-01";0;NA;0;NA;0;NA;0;NA;0;NA;"SAGRES"
"2009-11-01";0;NA;0;NA;0;NA;0;NA;0;NA;"SAGRES"
"2010-01-01";0;NA;0;NA;0;NA;0;NA;0;NA;"SAGRES"
"2010-02-01";0;NA;0;NA;0;NA;0;NA;0;NA;"SAGRES"
"2010-03-01";0;NA;0;NA;0;NA;0;NA;0;NA;"SAGRES"
"2010-04-01";0;NA;0;NA;0;NA;0;NA;0;NA;"SAGRES"
"2010-05-01";0;NA;0;NA;0;NA;0;NA;0;NA;"SAGRES"
"2010-06-01";0;NA;0;NA;0;NA;0;NA;0;NA;"SAGRES"
"2010-08-01";0;NA;0;NA;0;NA;0;NA;0;NA;"SAGRES"
"2010-10-01";0;NA;0;NA;0;NA;0;NA;0;NA;"SAGRES"
"2010-12-01";0;NA;0;NA;0;NA;0;NA;0;NA;"SAGRES"
"2007-03-01";0;NA;0;NA;0;NA;0;NA;0;NA;"LAGOS"
"2007-04-01";0;NA;0;NA;0;NA;0;NA;0;NA;"LAGOS"
"2008-04-01";0;NA;0;NA;0;NA;0;NA;0;NA;"LAGOS"
"2008-12-01";0;NA;0;NA;0;NA;0;NA;0;NA;"LAGOS"
"2009-03-01";0;NA;0;NA;0;NA;0;NA;0;NA;"LAGOS"
"2010-04-01";0;NA;0;NA;0;NA;0;NA;0;NA;"LAGOS"
"2010-12-01";0;NA;0;NA;0;NA;0;NA;0;NA;"LAGOS"
